timestamp,input_key,output_key,satoshis
1513264736000,1J37CY8hcdUXQ1KfBhMCsUVafa8XjDsdCn,33p7fVHw8R8SjiMi11BqQJYHWcLoC9vRGC,150000000
1513264736000,1J37CY8hcdUXQ1KfBhMCsUVafa8XjDsdCn,1Gyb6oUaize4Y1Ty1sgyNfjUSQ4Fqj8f4S,44828000
1513264736000,1J37CY8hcdUXQ1KfBhMCsUVafa8XjDsdCn,17njuUCHAiyvNMrjLYipLC9TQXR2UP1tj2,3252983
1513264736000,1J37CY8hcdUXQ1KfBhMCsUVafa8XjDsdCn,3DyiHep1hXk1HN9rdYGo89VmJ8CmSFCQFR,2000000
1513264736000,1J37CY8hcdUXQ1KfBhMCsUVafa8XjDsdCn,1CyjdUomwufUKkM3Vfp1gD4VqkX6xhGqeD,5330000
1513264736000,1J37CY8hcdUXQ1KfBhMCsUVafa8XjDsdCn,3G6ZK6zoaxsVsdwipvZURdptxQ4Hma2t7H,2000000
1513264736000,1J37CY8hcdUXQ1KfBhMCsUVafa8XjDsdCn,1J4fzsqqZk4tKoHQPHytzATAex9xKCaGa8,241982
1513264736000,1J37CY8hcdUXQ1KfBhMCsUVafa8XjDsdCn,1LXnJhjmu4UX72P9FY8sPeFWeZAAiC4QQi,6092300
1513264736000,1J37CY8hcdUXQ1KfBhMCsUVafa8XjDsdCn,1DzPL7NcGkTNzqESGH82AwsZHgusAynvz2,2480000
1513264736000,1J37CY8hcdUXQ1KfBhMCsUVafa8XjDsdCn,12aUX1Z1URe8KCjA6sHv7c26gptYJgpRoi,1000000
1513264736000,1J37CY8hcdUXQ1KfBhMCsUVafa8XjDsdCn,3Lr2JYktEo2yLR5jHgqRVsVtzSmQt8z5tE,200000
1513264736000,1J37CY8hcdUXQ1KfBhMCsUVafa8XjDsdCn,122HK3X5CEzHw8FiLU24pHmcPkkn3anD3a,1500000
1513264736000,1J37CY8hcdUXQ1KfBhMCsUVafa8XjDsdCn,1GtWNTxCfbtrT5Gjhr34W2zjewJ24mknmL,1097357
1513264736000,1J37CY8hcdUXQ1KfBhMCsUVafa8XjDsdCn,1JkYXXHLJicQmWr4oH8pqmQKmeP1mhJ1LA,3050000
1513264736000,1J37CY8hcdUXQ1KfBhMCsUVafa8XjDsdCn,13vaJ6E7MXCjPfhCgwj9hfvv4ecPnkmBKy,3651820
1513264736000,1J37CY8hcdUXQ1KfBhMCsUVafa8XjDsdCn,13AgBksw7pPvHY7EfZQhMfW2XcCoaKuXNY,200000
1513264736000,1J37CY8hcdUXQ1KfBhMCsUVafa8XjDsdCn,3BMEXoYEuNN11QaKr7LPH3KnLAaS6WAzBB,2842186
1513264736000,1J37CY8hcdUXQ1KfBhMCsUVafa8XjDsdCn,1Mutc9gqEAwfLP1snmqVSjLrh7SfinAEgW,8000000
1513264736000,1J37CY8hcdUXQ1KfBhMCsUVafa8XjDsdCn,1DEnWsTgEVUNyYB11TSx36t5DKy51PSyMp,2400227
1513264736000,1J37CY8hcdUXQ1KfBhMCsUVafa8XjDsdCn,3BTTfBDKrvKQrmc7TxomwFjwndCjim5yhu,12000000
1513264736000,1J37CY8hcdUXQ1KfBhMCsUVafa8XjDsdCn,1NLjLBWrefUE2EgQvFttQv3G3nfv4Se9mS,291112751
1513264736000,1J37CY8hcdUXQ1KfBhMCsUVafa8XjDsdCn,12gcQJVxg1kVKPu2QJXjCnwsiPMRkA1bU7,4058856
1513264736000,1J37CY8hcdUXQ1KfBhMCsUVafa8XjDsdCn,17Fzz61VDbTbhSsKm4ZHJf3QrPKywi4afM,6417920
1513264736000,1J37CY8hcdUXQ1KfBhMCsUVafa8XjDsdCn,1HPTjCFfhSLSWeCqGcFGPwwaU63iw6cXkL,3393333
1513264736000,1J37CY8hcdUXQ1KfBhMCsUVafa8XjDsdCn,3MQszMVy3GnEngtNRz8GF8Gro1qGtmQiqC,440000000
1513264736000,1J37CY8hcdUXQ1KfBhMCsUVafa8XjDsdCn,18WbPu681vjzegPcfMxJA6pemi7CZ62J28,3564759
1513264736000,1J37CY8hcdUXQ1KfBhMCsUVafa8XjDsdCn,1LuRQc5oi2qanZoE1Mi536DTVqxzXrjcNP,5000000
1513264736000,1J37CY8hcdUXQ1KfBhMCsUVafa8XjDsdCn,34Lq3hftyiAHBdpGUhTeULxVutYGFNRknQ,1878500
1513264736000,1J37CY8hcdUXQ1KfBhMCsUVafa8XjDsdCn,1AJgbvsZTHNv2TY3szbkwrvUVk7Ejx5fbe,3442176
1513264736000,1J37CY8hcdUXQ1KfBhMCsUVafa8XjDsdCn,3GsiTjGjC3ouMZdHdKQJ96oMEHSHrMtztj,1060000
1513264736000,1J37CY8hcdUXQ1KfBhMCsUVafa8XjDsdCn,1Av4MKKF6dK6uW4qmyUJmVcbseYsPA2361,3000000
1513264736000,1J37CY8hcdUXQ1KfBhMCsUVafa8XjDsdCn,1Cubx1qXHGaqNSCUqnqEav68BG44PYNcdb,489750
1513264736000,1J37CY8hcdUXQ1KfBhMCsUVafa8XjDsdCn,14cju4monGiAQFMrXkoYtKKZAoeijwe34Q,925000
1513264736000,1J37CY8hcdUXQ1KfBhMCsUVafa8XjDsdCn,1LLbZrTznFusJTUaiumhLXb2pDEtRfmaw3,3500000
1513264736000,1J37CY8hcdUXQ1KfBhMCsUVafa8XjDsdCn,3NB5kDbeN8Gbrii7oshc2xJFYxq6G5qTNA,207407
1513264736000,1J37CY8hcdUXQ1KfBhMCsUVafa8XjDsdCn,1NHYwAxa8Bkx1cEffBosnUQN3aKzgDxzqj,209426562
1513264736000,1J37CY8hcdUXQ1KfBhMCsUVafa8XjDsdCn,1D5FcvxaN2v6HcmUWteePCzS6AUxcTKZd3,2073713
1513264736000,1J37CY8hcdUXQ1KfBhMCsUVafa8XjDsdCn,1Cp8tXJaySF6SpjSj85ND2T1TFFL7hX8A8,400000
1513264736000,1J37CY8hcdUXQ1KfBhMCsUVafa8XjDsdCn,19jNah9BWpUKPQfQU5BS52eWSiuQiVcqKg,3000000
1513264736000,1J37CY8hcdUXQ1KfBhMCsUVafa8XjDsdCn,3EhRERqbWZoPiwATrZW6EiN2Wu5YsH8d11,4566823
1513264736000,1J37CY8hcdUXQ1KfBhMCsUVafa8XjDsdCn,1xcqoVbMxAKV6jV7ffr6xCoUZkycmVC1u,4000000
1513264736000,1J37CY8hcdUXQ1KfBhMCsUVafa8XjDsdCn,17opWb6fxAUHfvZK2ZSPK6nDvjkiMbZ7iJ,1540000
1513264736000,1J37CY8hcdUXQ1KfBhMCsUVafa8XjDsdCn,1684zqaV3fXskwA7BVN5mgFuArVf6rpspb,119000000
1513264736000,1J37CY8hcdUXQ1KfBhMCsUVafa8XjDsdCn,12GctATGWrmkr8syrx2X2RdkJosKzB2Lfw,1000000
1513264736000,1J37CY8hcdUXQ1KfBhMCsUVafa8XjDsdCn,3NPZ541YdvZN1c3Zr3tQTT9yNRUV12GX8D,3150343
1513264736000,1J37CY8hcdUXQ1KfBhMCsUVafa8XjDsdCn,1De77TCPD6bd36zTJPoi9hK5qkEYdcsPjt,2000000
1513264736000,1J37CY8hcdUXQ1KfBhMCsUVafa8XjDsdCn,14KAwRtLJiEiyHnrr9c4wpHMqyMkPoLeQV,3201000
1513264736000,1J37CY8hcdUXQ1KfBhMCsUVafa8XjDsdCn,1qKhPviCBN3j5cZu71HTWUMWyKxX9Vnfr,100000000
1513264736000,1J37CY8hcdUXQ1KfBhMCsUVafa8XjDsdCn,1BzgaUH7eXHqKWKqexYnHnhDQwPGQqFg4M,7035000
1513264736000,1J37CY8hcdUXQ1KfBhMCsUVafa8XjDsdCn,19CaFNDWHZKJP3GbRE335KLWjxGLXQ8Ddk,1765123
1513264736000,1J37CY8hcdUXQ1KfBhMCsUVafa8XjDsdCn,38MT7mPbtED4ZhLzayxYdKwX7KE41wXmps,7104705
1513264736000,1J37CY8hcdUXQ1KfBhMCsUVafa8XjDsdCn,1NpM4BzbhSgheav46gwio4KPtJ8VXVPQaA,700000
1513264736000,1J37CY8hcdUXQ1KfBhMCsUVafa8XjDsdCn,1NLxEJsvxmWoMqmCXgkygvSkFS4UTEUCY1,4899000
1513264736000,1J37CY8hcdUXQ1KfBhMCsUVafa8XjDsdCn,1M6jgqfn3ui55zTA6tMqX1G6guKP3RN5MP,3709464
1513264736000,1J37CY8hcdUXQ1KfBhMCsUVafa8XjDsdCn,127oPqnbASypd5jNqCDfLSP67L7nrpKD9W,6000000
1513264736000,1J37CY8hcdUXQ1KfBhMCsUVafa8XjDsdCn,3QCk5AaCMS9cQSLibBvAAjW36za892qsQJ,1179329
1513264736000,1J37CY8hcdUXQ1KfBhMCsUVafa8XjDsdCn,1HiiykcofLAMZycds9CPogtXeBP2evJ6Qs,1410031
1513264736000,1J37CY8hcdUXQ1KfBhMCsUVafa8XjDsdCn,3FTE4X7kSW6RBSusUFG4pXfmqBaJXs5dYP,2036470
1513264736000,1J37CY8hcdUXQ1KfBhMCsUVafa8XjDsdCn,134Ep1MNMqSWeHhDXEJp2UWhtXwkNE1kYi,9200000
1513264736000,1J37CY8hcdUXQ1KfBhMCsUVafa8XjDsdCn,1JE1Gg3pU6CjSssrn1zQgcPA7bcJLq3abx,199148
1513264736000,1J37CY8hcdUXQ1KfBhMCsUVafa8XjDsdCn,16fStDpX52ArJt4BFK5yasXWgdPiEABC5z,3626325
1513264736000,1J37CY8hcdUXQ1KfBhMCsUVafa8XjDsdCn,18Bu9MZCoWCFSxKTkc1MGSeUtLeQnCFXoJ,390000
1513264736000,1J37CY8hcdUXQ1KfBhMCsUVafa8XjDsdCn,16PTf4ovdok7xCenNiGwACDF2KDVbAD9rp,55827505
1513264736000,1J37CY8hcdUXQ1KfBhMCsUVafa8XjDsdCn,3PLo87uctHvMTKaAnKVdqiKQRN4HUt8pG8,199146
1513264736000,1J37CY8hcdUXQ1KfBhMCsUVafa8XjDsdCn,18DYVBT2AynMaVebcoVTD9MEgUG8giNJjb,4000000
1513264736000,1J37CY8hcdUXQ1KfBhMCsUVafa8XjDsdCn,19zhnqH8DP69QXA9s3VjDwEY5ZpNCJdpEa,3460269
1513264736000,1J37CY8hcdUXQ1KfBhMCsUVafa8XjDsdCn,15dRJqbcLq5U5tAYEKuDZNjLeer58nJYK8,10000000
1513264736000,1J37CY8hcdUXQ1KfBhMCsUVafa8XjDsdCn,1K68ZXJEvBAzCsGnpf2STyWkVEK49Ze6Ru,3170000
1513264736000,1J37CY8hcdUXQ1KfBhMCsUVafa8XjDsdCn,3B5TrvcsVuPiWr3iHCjagUMx66JHBrDMyv,3425057
1513264736000,1J37CY8hcdUXQ1KfBhMCsUVafa8XjDsdCn,155BzqbKsH9jPYKwWZJfSit96YWwrL92oy,8143488
1513264736000,1J37CY8hcdUXQ1KfBhMCsUVafa8XjDsdCn,3NnHjrX3kq3hqhq6q4vaLWtL8p7n82ZmiH,1000000
1513264736000,1J37CY8hcdUXQ1KfBhMCsUVafa8XjDsdCn,34KM8KRK2R5fHiVZ9m8ucVX9bKi7k8NmZx,750000
1513264736000,1J37CY8hcdUXQ1KfBhMCsUVafa8XjDsdCn,1Gw7n1C7Um3PqpF1QJ9uHoPS2BcWJyKaXM,200000000
1513264736000,1J37CY8hcdUXQ1KfBhMCsUVafa8XjDsdCn,12ePRSLKC1GqE1JJCMn29p2Lci42cvsxz8,6500000
1513264736000,1J37CY8hcdUXQ1KfBhMCsUVafa8XjDsdCn,16QZr8uqujEfe539eoCUofqQzBWZeopttg,60000000
1513264736000,1J37CY8hcdUXQ1KfBhMCsUVafa8XjDsdCn,32shWgJPdwDGrPFNV8JRKeAFgRmUQj3s84,200000
1513264736000,1J37CY8hcdUXQ1KfBhMCsUVafa8XjDsdCn,12D4a6gDyTgiik4ZtDnAXSCZyk7wVqh9ud,633000000
1513264736000,1J37CY8hcdUXQ1KfBhMCsUVafa8XjDsdCn,1MBVkiUsT1mfJpQquKv4oYviJeucGdSn4R,1727438
1513264736000,1J37CY8hcdUXQ1KfBhMCsUVafa8XjDsdCn,1LTiVAnNgXXdWwJGiM5zD6drKdw4Y27N9D,858000
1513264736000,1J37CY8hcdUXQ1KfBhMCsUVafa8XjDsdCn,372oNYH3JeXhrbp15YfcvFudapPMmtnSaW,3456982
1513264736000,1J37CY8hcdUXQ1KfBhMCsUVafa8XjDsdCn,1GC2j8WVXsht29eGSHyHFbCrPB7MSKJ3q6,4792000000
1513264736000,1J37CY8hcdUXQ1KfBhMCsUVafa8XjDsdCn,1Hnm2WpmBgs6TBugejFhNNFBkPvnUsksKc,23516000
1513264736000,1J37CY8hcdUXQ1KfBhMCsUVafa8XjDsdCn,16urrAbpHdcXqdbXRm78jjJK32KkisQQDT,1500000
1513264736000,1J37CY8hcdUXQ1KfBhMCsUVafa8XjDsdCn,1DqngWD1pzQbaqyjzjyzYrnPrGJTAfBNPm,3696643
1513264736000,1J37CY8hcdUXQ1KfBhMCsUVafa8XjDsdCn,1Q2AobBcn6mY9Kcx3T6wby4NQPtjvNJqZx,610873
1513264736000,1J37CY8hcdUXQ1KfBhMCsUVafa8XjDsdCn,1GJbinw8kMYvQPxeL6urGvGpPhMeB11aVV,300000
1513264736000,1J37CY8hcdUXQ1KfBhMCsUVafa8XjDsdCn,19rg55v1dB2enstLSUDC1zJDMTTW9xhj12,35000000
1513264736000,1J37CY8hcdUXQ1KfBhMCsUVafa8XjDsdCn,19gVT6hpRtrJw95x2rjewe3Uto9EWEbS7J,261047
1513264736000,1J37CY8hcdUXQ1KfBhMCsUVafa8XjDsdCn,12yDUcb88Kp3PVnZbV5dxwS22VDcJ1r5iG,489700000
1513264736000,1J37CY8hcdUXQ1KfBhMCsUVafa8XjDsdCn,1RoLSCndEmHL5wkVnaNuNWopeNR1gHW2q,3445319
1513264736000,1J37CY8hcdUXQ1KfBhMCsUVafa8XjDsdCn,1B3VUArqh2ZzYtzU4p1LhE9ZNoZo6XfeTJ,1370300
1513264736000,1J37CY8hcdUXQ1KfBhMCsUVafa8XjDsdCn,1NjVRfQtT9Ar5phU95GCCHWDNxTZMG9Jmv,3500000
1513264736000,1J37CY8hcdUXQ1KfBhMCsUVafa8XjDsdCn,37PpetH5CE7jVxuYXzZaJ5Urkgey7ZUExo,2999200
1513264736000,1J37CY8hcdUXQ1KfBhMCsUVafa8XjDsdCn,1PX39Rf1xa7FdcVvzC5aRQbLVoFdGrAvFX,400000
1513264736000,1J37CY8hcdUXQ1KfBhMCsUVafa8XjDsdCn,19NAv6xRKfxwKd5P9nTmAMzJf1sZEvBWmv,3314024
1513264736000,1J37CY8hcdUXQ1KfBhMCsUVafa8XjDsdCn,19xzxcbTqAxM9w5LHVtRrzVWKqRcupDFop,7661498
1513264736000,1J37CY8hcdUXQ1KfBhMCsUVafa8XjDsdCn,1G5gtsjMjgzFB8BA3mHEJ5seauHoeQocij,2000000
1513264736000,1J37CY8hcdUXQ1KfBhMCsUVafa8XjDsdCn,16jCW3DXtLz4VxLnteKdKK6RAoawvLZVXU,1031199
1513264736000,1J37CY8hcdUXQ1KfBhMCsUVafa8XjDsdCn,169AwwRoZfAN7uwQjavUADprPCHVd5f9ww,300000
1484592736000,1J37CY8hcdUXQ1KfBhMCsUVafa8XjDsdCn,145BqWPYojCMfwmWVhTrXEGYwvX8Bku7mV,100000000
1513222400000,1J37CY8hcdUXQ1KfBhMCsUVafa8XjDsdCn,1ND3fHRifidDtKcyPa7KetGvYThvgEaFBa,61380000
1513222400000,1J37CY8hcdUXQ1KfBhMCsUVafa8XjDsdCn,1W2oMgyTzJZAM1W3w1v8w5kr5PeyvDBFZ,1756983
1513222400000,1J37CY8hcdUXQ1KfBhMCsUVafa8XjDsdCn,1xsnYEc3s3dE2nwUSDiCgnvjUBLnsYHce,330000
1513222400000,1J37CY8hcdUXQ1KfBhMCsUVafa8XjDsdCn,15j3cUQUYt4aBn34BpMzcQEon4tyeP9CUU,6000000
1513222400000,1J37CY8hcdUXQ1KfBhMCsUVafa8XjDsdCn,1KtzuabKWpnu9XbZdRcW4NChkmqzqiqY7Y,94950000
1513222400000,1J37CY8hcdUXQ1KfBhMCsUVafa8XjDsdCn,19bRAQjQGMMLiGgFXHzAVMpJ6zkCEJFAhk,5690000
1513222400000,1J37CY8hcdUXQ1KfBhMCsUVafa8XjDsdCn,15xrspk2kUMW5ratg2W6EMd5zGenHWejLg,1000000
1513222400000,1J37CY8hcdUXQ1KfBhMCsUVafa8XjDsdCn,14t1w6cHSk7h77efMbVdfEEiwK7KTCeueD,50000000
1513222400000,1J37CY8hcdUXQ1KfBhMCsUVafa8XjDsdCn,15pz8hg7XqbpB8eCqWNfauxzE5Ti44qYXi,1000000
1513222400000,1J37CY8hcdUXQ1KfBhMCsUVafa8XjDsdCn,1GXTC5eDdQNKJGPhRiYxQr1NRSEqV6A2yw,100000000
1513222400000,1J37CY8hcdUXQ1KfBhMCsUVafa8XjDsdCn,1NKVkShTjQ3UGeYZ4pRmDr5XPUsfd7NKus,10000000
1513222400000,1J37CY8hcdUXQ1KfBhMCsUVafa8XjDsdCn,3DvKoRBzZMkcfQMGu625JHi5tpFoqT3e9Q,245540418
1513222400000,1J37CY8hcdUXQ1KfBhMCsUVafa8XjDsdCn,1HbzwXXEFjHHeqigS3jtaT6eWZP4XwgvNb,19000000
1513222400000,1J37CY8hcdUXQ1KfBhMCsUVafa8XjDsdCn,1N8ZiwZ6zjd2EV7Ef2StaweWBCgb2GsBVt,800000
1513222400000,1J37CY8hcdUXQ1KfBhMCsUVafa8XjDsdCn,3HYVoD4HJhR7PpYWUyZv9LnchYK9oRpE2F,589218
1496428800000,1J37CY8hcdUXQ1KfBhMCsUVafa8XjDsdCn,17TP6SzfxwW3HekHYCaKt8zKEnmvKBpWAK,400000000
1490039040000,1J37CY8hcdUXQ1KfBhMCsUVafa8XjDsdCn,1AkR5z5F8BwJh96AfcXx7V4CsuwtfinKho,410518458
1490039040000,1J37CY8hcdUXQ1KfBhMCsUVafa8XjDsdCn,1KEgtUfk2h8ftjKLUfyHyuTRDRVbeZDgyJ,500000000
1490039040000,1J37CY8hcdUXQ1KfBhMCsUVafa8XjDsdCn,1Gag51WCtdYysFr3duag7j8HHGJd4wYihp,525000000
1517940992000,1J37CY8hcdUXQ1KfBhMCsUVafa8XjDsdCn,1Cxaf5uBP3qMyEGcUBkqwEsZfAMGF2Xcd4,5700000
1517940992000,1J37CY8hcdUXQ1KfBhMCsUVafa8XjDsdCn,1bY3oMsCEZhYnHkHtgsG4TKsoB86pJEGC,5100000
1517940992000,1J37CY8hcdUXQ1KfBhMCsUVafa8XjDsdCn,1A2waBDX4hKyvK7nYokcLERPkNNkUFYLiP,100000000
1517940992000,1J37CY8hcdUXQ1KfBhMCsUVafa8XjDsdCn,1Q9h4fgSzs1zE1tNKEfqEiyjHPR2h1etYz,456528
1517940992000,1J37CY8hcdUXQ1KfBhMCsUVafa8XjDsdCn,3APQgMQWq5NteHTWTBegVgrWc6vTWErkwi,8813400
1517940992000,1J37CY8hcdUXQ1KfBhMCsUVafa8XjDsdCn,13TyM84YXoKcTQCcfTsL2YbrmMzk3tPfPQ,15647226
1517940992000,1J37CY8hcdUXQ1KfBhMCsUVafa8XjDsdCn,3QDDe6Es2mMR8XfV63NYXsomBXsRTGhX3u,1565000
1517940992000,1J37CY8hcdUXQ1KfBhMCsUVafa8XjDsdCn,1DZNmqyaHbgxNfgq2UL6ZzuSQxuV8waMux,5400000
1517940992000,1J37CY8hcdUXQ1KfBhMCsUVafa8XjDsdCn,1BhgpMYHgJza26SJukyRbBgy8MQR3PyXzB,7000000
1517940992000,1J37CY8hcdUXQ1KfBhMCsUVafa8XjDsdCn,1NLbgC2ZpxcAoyJq1e6c4tTRRAgfyEoDzM,11055000
1517940992000,1J37CY8hcdUXQ1KfBhMCsUVafa8XjDsdCn,1CvX49G545LuUC8whmpKcpUuRM4HGsqWex,3294170
1517940992000,1J37CY8hcdUXQ1KfBhMCsUVafa8XjDsdCn,1K7Li6MYDumj3s3eADNkVNVnUm1zqiNsNL,5953768
1517940992000,1J37CY8hcdUXQ1KfBhMCsUVafa8XjDsdCn,1L4ynfqBqK3GxiaNrEQwrZoypKVjeejwG2,63878000
1517940992000,1J37CY8hcdUXQ1KfBhMCsUVafa8XjDsdCn,14mXSQJZrsNz7updJF8u36qnj7sKH7c4Y3,1000000
1517940992000,1J37CY8hcdUXQ1KfBhMCsUVafa8XjDsdCn,17uzWzyaid6wtdmyzgGEiuXYXG9N2YHgXv,3000000
1517940992000,1J37CY8hcdUXQ1KfBhMCsUVafa8XjDsdCn,1L6XjqinC3ReHLZjAEq6CrNLFYZFCsuoDX,1810000
1517940992000,1J37CY8hcdUXQ1KfBhMCsUVafa8XjDsdCn,19Hq7ztFQ6gtX2H3Q2CfXsfQfdvQ9tgbYa,8277594
1517940992000,1J37CY8hcdUXQ1KfBhMCsUVafa8XjDsdCn,3NuwSCuw9zibQWM8144VKdFTXbcfaBwWC7,85544053
1517940992000,1J37CY8hcdUXQ1KfBhMCsUVafa8XjDsdCn,1N5NBAB4DPTTX7ZgK4hgvqnDXBgd1u5oQa,7500000
1517940992000,1J37CY8hcdUXQ1KfBhMCsUVafa8XjDsdCn,1PprSYSQE7eDjjzFFKqDkzwbhhBbm6u1b7,3340203
1517940992000,1J37CY8hcdUXQ1KfBhMCsUVafa8XjDsdCn,18y32LrPdKu4J3BZAHNG8MYCjPQD6u2f4F,87000000
1507455232000,1J37CY8hcdUXQ1KfBhMCsUVafa8XjDsdCn,12zMmCdBThkjSPq7LNYEhsgPLAkoKbme5Y,22448604
1507455232000,1J37CY8hcdUXQ1KfBhMCsUVafa8XjDsdCn,1Fxqpc3r4i4EVdZtjju5J6ZmjAJv7QEPtS,681711
1489252608000,1J37CY8hcdUXQ1KfBhMCsUVafa8XjDsdCn,13UeZC218eKj7uqrA4ioXqEvYiEqvPHbLG,3519576
1508077824000,1J37CY8hcdUXQ1KfBhMCsUVafa8XjDsdCn,3EooKCmhBty6vwp8S9V8e4hUT1HBFS6Uy2,10000000
1508077824000,1J37CY8hcdUXQ1KfBhMCsUVafa8XjDsdCn,1JULiZ9aN5oK778VrXvEFeKBpJc4fcKgTM,49447966
1508077824000,1J37CY8hcdUXQ1KfBhMCsUVafa8XjDsdCn,193CqVyPt7ir48Vp8g4LdmPv6wsu4ZmH9G,100000000
1508028672000,1J37CY8hcdUXQ1KfBhMCsUVafa8XjDsdCn,3B9qiigHRRhss7Rv6Gnqf3SstsuM3hkCMs,1000000
1508028672000,1J37CY8hcdUXQ1KfBhMCsUVafa8XjDsdCn,1HjSL5e1ZgYPfZftqTtMuP5U8jfVDNadc,303800000
1508028672000,1J37CY8hcdUXQ1KfBhMCsUVafa8XjDsdCn,1HjSL5e1ZgYPfZftqTtMuP5U8jfVDNadc,303900000
1508028672000,1J37CY8hcdUXQ1KfBhMCsUVafa8XjDsdCn,1HjSL5e1ZgYPfZftqTtMuP5U8jfVDNadc,304000000
1508028672000,1J37CY8hcdUXQ1KfBhMCsUVafa8XjDsdCn,1NWxJPGqu9VfRWGrrPbT5i4Eg1YcHekzHN,100070000
1508028672000,1J37CY8hcdUXQ1KfBhMCsUVafa8XjDsdCn,1N81n1DdNyyvwvQmGxyzTouCHfVtPiSpRj,1727000
1508028672000,1J37CY8hcdUXQ1KfBhMCsUVafa8XjDsdCn,1FWbVbB35rEQDjg8nC8nko9tJ2cUHahQ6b,441740000
1517809920000,1J37CY8hcdUXQ1KfBhMCsUVafa8XjDsdCn,3DZweZ8yudC9bHB6UT2VEBo7ftu2G5oy8H,6200000
1517809920000,1J37CY8hcdUXQ1KfBhMCsUVafa8XjDsdCn,16ziaF8X2Nn9ux3emJc3NSJ7sg5skXeAwa,7595234
1517809920000,1J37CY8hcdUXQ1KfBhMCsUVafa8XjDsdCn,1KxhJkeuvbBgRaJNBd1M8U9W9HhQBDBV2A,839200
1517809920000,1J37CY8hcdUXQ1KfBhMCsUVafa8XjDsdCn,1GUMswAixaPnCGoNjR7WajbpriAHP5C1ZY,7700000
1517809920000,1J37CY8hcdUXQ1KfBhMCsUVafa8XjDsdCn,3QiMV4MsoacHGtHcvq4gbmikDosacEvYBp,10000000
1517809920000,1J37CY8hcdUXQ1KfBhMCsUVafa8XjDsdCn,18MRypxQF8qkjQ943orgeH8zfaHK4UJd75,1199882
1517809920000,1J37CY8hcdUXQ1KfBhMCsUVafa8XjDsdCn,1DqkD2MChAigYgg1JEh7RehZX9P8RGN3Cp,6433264
1517809920000,1J37CY8hcdUXQ1KfBhMCsUVafa8XjDsdCn,18nSi7qw4ofmA3CWZ9Fbm32CJ2BM9UF2MK,20000000
1517809920000,1J37CY8hcdUXQ1KfBhMCsUVafa8XjDsdCn,33SHUXgKM2jUhcSYEvcawwZZtKdzUo3x1Z,1000000
1517809920000,1J37CY8hcdUXQ1KfBhMCsUVafa8XjDsdCn,15YUdEjDuGPqswbKKQwHNTnYRbXy8axRN8,1000000
1517809920000,1J37CY8hcdUXQ1KfBhMCsUVafa8XjDsdCn,3C2PGWkia1HW8yng5wjHoBjPWXnnPSauhF,6050000
1517809920000,1J37CY8hcdUXQ1KfBhMCsUVafa8XjDsdCn,14hG6ka4Tq3BRBsZHHzqz8RHg6Jcs93XoS,9059229
1504489728000,1J37CY8hcdUXQ1KfBhMCsUVafa8XjDsdCn,1AbrDZr6Ugcw34WdPoSNDt1765tN1zxkvq,20000000
1504489728000,1J37CY8hcdUXQ1KfBhMCsUVafa8XjDsdCn,1CsCYX5hiaUQ8Gnz67WDehMYAKu4m1mWtH,43665523
1504489728000,1J37CY8hcdUXQ1KfBhMCsUVafa8XjDsdCn,1JLmRiEfnvnRhH5AxgNiABKB5ASiA6dY3A,2668578
1499009280000,1J37CY8hcdUXQ1KfBhMCsUVafa8XjDsdCn,3Af127STrdZmUv8mmcdojTju6dX8pp8dP5,4720692
1499009280000,1J37CY8hcdUXQ1KfBhMCsUVafa8XjDsdCn,1d4bsob8D2kJ8xQ2oG5p3X8Q9M7L2LLjd,3600000
1499009280000,1J37CY8hcdUXQ1KfBhMCsUVafa8XjDsdCn,1eaYeTbEmk7Y8hrgGraZb2EfcUYQnep9m,2600000
1499009280000,1J37CY8hcdUXQ1KfBhMCsUVafa8XjDsdCn,1FzEs3VYTHGfXbNUtf1hYLkHXa4p8NTbFV,20500000
1497952512000,1J37CY8hcdUXQ1KfBhMCsUVafa8XjDsdCn,3KFdBn8VYTxvmmLiHL3A1MbxCrksFfTTc8,17000000
1497952512000,1J37CY8hcdUXQ1KfBhMCsUVafa8XjDsdCn,1HbT9rce36crBsdepfoTa6VD2BLQ8DRjiE,3304970
1497952512000,1J37CY8hcdUXQ1KfBhMCsUVafa8XjDsdCn,15tyMTobKxRcMSPGwAmaTgvGpiTYHuhD6C,9700000
1502802176000,1J37CY8hcdUXQ1KfBhMCsUVafa8XjDsdCn,39JvbBUovGT6ySTFdHu1iVGFTN5EzvudRp,39270620
1502802176000,1J37CY8hcdUXQ1KfBhMCsUVafa8XjDsdCn,1KxDpVrMmJH1Ld9qnB3xwStaU5VqJmBMw7,150000000
1502802176000,1J37CY8hcdUXQ1KfBhMCsUVafa8XjDsdCn,1ENiFUHYXCBSYJyrqfLbWQJRp5x3nP1Bvc,24350000
1502802176000,1J37CY8hcdUXQ1KfBhMCsUVafa8XjDsdCn,1F4ormdCksV89LB9bhn5D8U5CQkRc4DB9b,7349359
1489431456000,1J37CY8hcdUXQ1KfBhMCsUVafa8XjDsdCn,17STzZXPaA7xALMz4eq3F5wzMN3sPffwxW,1230900240
1489431456000,1J37CY8hcdUXQ1KfBhMCsUVafa8XjDsdCn,1Cj8Sd7i6QjJhpjRLpDt66HzoGxVSqk37p,4145447
1489431456000,1LSgEKji3ZoGdvzBgkcJMej74iBd38fySb,1JtGHJs1EABRJwsyRWY1AxfHVF4b5mDJNu,36494272
1489431456000,1J37CY8hcdUXQ1KfBhMCsUVafa8XjDsdCn,1GPwVb1KsHT2BPLxos8F72vJRkGupMVwvA,106332009
1489431456000,1LSgEKji3ZoGdvzBgkcJMej74iBd38fySb,1Kd6zLb9iAjcrgq8HzWnoWNVLYYWjp3swA,4986500000
1489431456000,1LSgEKji3ZoGdvzBgkcJMej74iBd38fySb,1AVHRQp5hc5f7tEpHPQBS7puz2mcPdAQq7,1191875
1513540512000,1J37CY8hcdUXQ1KfBhMCsUVafa8XjDsdCn,16TJKycSeFcNqnws2pS81A3d4bCxmvcX8n,56310000
1513540512000,1J37CY8hcdUXQ1KfBhMCsUVafa8XjDsdCn,12VmHFZ8fGEfFUhSWDKrU1dydaqRMLh43T,1000000
1513540512000,1J37CY8hcdUXQ1KfBhMCsUVafa8XjDsdCn,13hvq2oxAbkffioeo16Ca2QRNFop9v57yR,10000000
1513540512000,1J37CY8hcdUXQ1KfBhMCsUVafa8XjDsdCn,19NSg386BXZJTQR6n7NaobNMLVwuE3ENLZ,400000000
1513540512000,1J37CY8hcdUXQ1KfBhMCsUVafa8XjDsdCn,18AgFDFBxXYwjWm8BT8nhezBFF3oYxgYTi,9174927
1513540512000,1J37CY8hcdUXQ1KfBhMCsUVafa8XjDsdCn,19X1p5uxFyQXZp8ugQ8zQoUX63xH5cMAcu,976970
1513540512000,1J37CY8hcdUXQ1KfBhMCsUVafa8XjDsdCn,1FjE7LDfpkTyTUMouXXY5vSs1H5myWeuWd,5400000
1513540512000,1J37CY8hcdUXQ1KfBhMCsUVafa8XjDsdCn,1JYufgQn1xatLcDz6YcR4yMQVN7y4HREPa,4719685
1513540512000,1J37CY8hcdUXQ1KfBhMCsUVafa8XjDsdCn,17XnycWDbm5uaBS9VBbyNrDRoDWhrtt3xS,10000000
1513540512000,1J37CY8hcdUXQ1KfBhMCsUVafa8XjDsdCn,18HvZpFKkB6PtjpYzP1iZw1r56bZDqDN4y,1127000
1516678048000,1J37CY8hcdUXQ1KfBhMCsUVafa8XjDsdCn,1AhZLYL4eUMjEjF7GUTnRarA2aZwYAD8mR,3968211
1516678048000,1J37CY8hcdUXQ1KfBhMCsUVafa8XjDsdCn,1Hf156HM2FK5xWRBV2mfXvAYpMkaPyP2V3,6400000
1516678048000,1J37CY8hcdUXQ1KfBhMCsUVafa8XjDsdCn,1H6tAzTTdBPqoDXqPd4bcAF1bdzhMgd42c,2000000
1516678048000,1J37CY8hcdUXQ1KfBhMCsUVafa8XjDsdCn,1C1Rq3MGCF8ZLw5EVb8mnjprpC2GqnFAgw,366163
1516678048000,1J37CY8hcdUXQ1KfBhMCsUVafa8XjDsdCn,1CSL6sYGtbDkY7Ga4KPZSBRLE7KHXVxinV,2393050
1516678048000,1J37CY8hcdUXQ1KfBhMCsUVafa8XjDsdCn,12TShX6nyaj3MZ9FkQuTdLxpFFWm1ht2qz,1100000
1516678048000,1J37CY8hcdUXQ1KfBhMCsUVafa8XjDsdCn,16zr8AapDNuPeUeQormtaGceCCvcY2SRGR,300000
1516678048000,1J37CY8hcdUXQ1KfBhMCsUVafa8XjDsdCn,18XDkHfvMk9mHxesd329UFSfeVsKvQY2Yh,4414070
1516678048000,1J37CY8hcdUXQ1KfBhMCsUVafa8XjDsdCn,3F7CKjfMB5CYgWVzZ4CrF8jiXPSpSWRwtr,3460897
1516678048000,1J37CY8hcdUXQ1KfBhMCsUVafa8XjDsdCn,35PFR6CGVSxQPWrMYhYCDxZje5nuNeYvDp,80000000
1516678048000,1J37CY8hcdUXQ1KfBhMCsUVafa8XjDsdCn,3Lhnd2WSwytTcTtHPH1Ze1k14QmuaZTkWT,10000000
1516678048000,1J37CY8hcdUXQ1KfBhMCsUVafa8XjDsdCn,16Pgv1hkbkD6URXNTHSd9nEm2GHLkq1brC,2295592
1516678048000,1J37CY8hcdUXQ1KfBhMCsUVafa8XjDsdCn,1ErQhrkyeo7qRAgk73JVwZ6SnLgEXJZSuc,5091500
1516678048000,1J37CY8hcdUXQ1KfBhMCsUVafa8XjDsdCn,1N9MzZXF92GaRXyB5CeVbJvKEhbmSEd8Rz,10000000
1473309600000,1J37CY8hcdUXQ1KfBhMCsUVafa8XjDsdCn,151i5W8UYUnuNQB9nxFfetkKAXm513Gxtj,165000000
1473309600000,1J37CY8hcdUXQ1KfBhMCsUVafa8XjDsdCn,1GyttrcyepduHXoQk85BLARQhRGCTsPsHE,730143627
1508207520000,1J37CY8hcdUXQ1KfBhMCsUVafa8XjDsdCn,12XEXvTidEUshWCJpNhTTQXXgnKdL3spSQ,5000000
1508207520000,1J37CY8hcdUXQ1KfBhMCsUVafa8XjDsdCn,197Eg6ULGnDDHCAdj1ZrQoc2rUgeVFvUEk,4458990
1508207520000,1J37CY8hcdUXQ1KfBhMCsUVafa8XjDsdCn,35xkKnKaDZw5yNoYWhTRRF3sXyFr7qDtVh,93716267
1508207520000,1J37CY8hcdUXQ1KfBhMCsUVafa8XjDsdCn,17zCYoDtqStfWnEXwXrxp1wNwXuKGSdqCw,5529476
1508207520000,1J37CY8hcdUXQ1KfBhMCsUVafa8XjDsdCn,16VdHkUTwDV5ST8xrcsH4kEduCsVVSNWE3,8000000
1508207520000,1J37CY8hcdUXQ1KfBhMCsUVafa8XjDsdCn,1ECdWnEaCY9ncdDYKL3RYrJH5KqRgJdCos,737000
1508207520000,1J37CY8hcdUXQ1KfBhMCsUVafa8XjDsdCn,1EwcR7aq8snCeUwmxyCEt8mt8GtdaPbZjt,450000
1508207520000,1J37CY8hcdUXQ1KfBhMCsUVafa8XjDsdCn,1PosKzoeEm8sfEXJBfpgxJGm5dDriFqkwN,100000000
1508207520000,1J37CY8hcdUXQ1KfBhMCsUVafa8XjDsdCn,1AxVy4yzCt6DahUJqsfrLQiLY32p3jBrSG,8590000
1508207520000,1J37CY8hcdUXQ1KfBhMCsUVafa8XjDsdCn,3PTRpT9HjmDCqn6KuWZ4xx46vihr17CW42,67000000
1508207520000,1J37CY8hcdUXQ1KfBhMCsUVafa8XjDsdCn,1GMM7A1VeqTjHYNHdYYRpArRzVdoUfrh9a,120000
1508207520000,1J37CY8hcdUXQ1KfBhMCsUVafa8XjDsdCn,3293uMMkPpQqSDWiFZRA6XzTmomYJ3yH67,2000000
1508207520000,1J37CY8hcdUXQ1KfBhMCsUVafa8XjDsdCn,38KPj8Z21c7Wimiq6AmdQXAtPYFDwmZnTu,10700000
1508207520000,1J37CY8hcdUXQ1KfBhMCsUVafa8XjDsdCn,1JaRfyBbu3TXH2a1UzEXjiBMUTnYWvPC5q,743200
1508207520000,1J37CY8hcdUXQ1KfBhMCsUVafa8XjDsdCn,15XFaBQH8CCArS42Sd1cgsR3dfoqTUaCJ5,4421446
1508207520000,1J37CY8hcdUXQ1KfBhMCsUVafa8XjDsdCn,1Lt3fpYUdPffMSBe518fMVdTnxcQBvwE3D,9106000
1508207520000,1J37CY8hcdUXQ1KfBhMCsUVafa8XjDsdCn,1LFeGaQ3V98cc64Dqo1kQ92KHCDLTk6zZQ,200000000
1508207520000,1J37CY8hcdUXQ1KfBhMCsUVafa8XjDsdCn,1JYLFh3cDjtPHxsVFwAZgybWU2MVtg8Eqb,19232546
1513261984000,1J37CY8hcdUXQ1KfBhMCsUVafa8XjDsdCn,12DPeDCVAAZ4oWfrJTV8VBDoZA7Q22JtgH,451081
1513261984000,1J37CY8hcdUXQ1KfBhMCsUVafa8XjDsdCn,1J9wfTj9DMNPFYroAZgVYfmuayRaJHPjtU,12090913
1513261984000,1J37CY8hcdUXQ1KfBhMCsUVafa8XjDsdCn,1KFGwgAbfRAGcNqZk9e4gdq3J9tfCivRt8,2842700
1513261984000,1J37CY8hcdUXQ1KfBhMCsUVafa8XjDsdCn,3MiwnBAiFfdCSLMfoRmNijY5Mb9PYnkm1C,35000000
1513261984000,1J37CY8hcdUXQ1KfBhMCsUVafa8XjDsdCn,1HtmqoZRpxYzFoofGw61sujPCVjfdVJfYS,2395210
1508314016000,1LSgEKji3ZoGdvzBgkcJMej74iBd38fySb,1BZQCfeav8AUj3zY5xLf1npAEPyC96UaCK,599950000
1508314016000,1J37CY8hcdUXQ1KfBhMCsUVafa8XjDsdCn,1NWxJPGqu9VfRWGrrPbT5i4Eg1YcHekzHN,120040000
1508314016000,1LSgEKji3ZoGdvzBgkcJMej74iBd38fySb,1GZ75mgVVzfQ8yUCAc2oH8MFbSxwnZbam,841200000
1508314016000,1J37CY8hcdUXQ1KfBhMCsUVafa8XjDsdCn,1FWbVbB35rEQDjg8nC8nko9tJ2cUHahQ6b,577370000
1508314016000,1LSgEKji3ZoGdvzBgkcJMej74iBd38fySb,1txke9o5LCXPnkTwg23UhNactLuhG7h3m,2389900
1508314016000,1LSgEKji3ZoGdvzBgkcJMej74iBd38fySb,1JTKyp2rwzQGce9jSrYFhcugTsaLhih2mn,3699950000
1508314016000,1LSgEKji3ZoGdvzBgkcJMej74iBd38fySb,1A2NotgC8NF9y7SqFLWzrfDqLUbpK2dyYP,4300000000
1508314016000,1J37CY8hcdUXQ1KfBhMCsUVafa8XjDsdCn,1Q4jJKVnz3xBPz2rUE47on5NB6qnmc4yEU,126340
1508314016000,1J37CY8hcdUXQ1KfBhMCsUVafa8XjDsdCn,3LfHewXtoewqjaidTyGJz6Fhr7TkWm8nmF,25000000
1508314016000,1J37CY8hcdUXQ1KfBhMCsUVafa8XjDsdCn,1Em28Tg29Ax2s3pYPMEEN6RLxth2b6eLNP,282545000
1508314016000,1LSgEKji3ZoGdvzBgkcJMej74iBd38fySb,14CabP8rLAfRGRS9YkPzQqodCWQkkVhL5v,50950000
1508314016000,1LSgEKji3ZoGdvzBgkcJMej74iBd38fySb,1BPvJRxJrmREzJkcQ97141qw1gBk9A8smb,2195827
1508314016000,1LSgEKji3ZoGdvzBgkcJMej74iBd38fySb,1NSc6zAdG2NGbjPLQwAjAuqjHSoq5KECT7,3200000000
1508314016000,1LSgEKji3ZoGdvzBgkcJMej74iBd38fySb,1EQQwtFjn5rsvVKuiYEZttAQdrmFAvpqsH,835322
1508314016000,1LSgEKji3ZoGdvzBgkcJMej74iBd38fySb,1DiUCxhoeArgevBMpVRBrPU5yL13UZGhhm,1300000000
1508314016000,1J37CY8hcdUXQ1KfBhMCsUVafa8XjDsdCn,18XNTfBKMt5nsDDgGBrxQxakREHWJcMVSc,2359586
1508314016000,1LSgEKji3ZoGdvzBgkcJMej74iBd38fySb,1K2q6KJipQpaaEBXqjgqGVvJrNwkZq8tgF,842864819
1508314016000,1J37CY8hcdUXQ1KfBhMCsUVafa8XjDsdCn,3QyJPB6eWjoqhXpH2uGB6AkU7SGza5WuSB,4000000
1508314016000,1J37CY8hcdUXQ1KfBhMCsUVafa8XjDsdCn,16AtUvZFUHhN7onfmfRNXEW87iFnB7t4kn,14570000
1508314016000,1J37CY8hcdUXQ1KfBhMCsUVafa8XjDsdCn,1Joo3epH8WkprEKojyQCx17H56Xt6FVuLc,590000000
1508314016000,1LSgEKji3ZoGdvzBgkcJMej74iBd38fySb,1JRsCP8AMdJajPebajvvcFRwxNfwcCoUhy,4400000000
1495485344000,1J37CY8hcdUXQ1KfBhMCsUVafa8XjDsdCn,179tLwpH2BRHX2KQUD2w84MiJnNXsG4MEN,456570114
1495485344000,1J37CY8hcdUXQ1KfBhMCsUVafa8XjDsdCn,1NBxavbCWcqvzpvE1fdYHbskrLiHbFLa8f,50000000000
1495485344000,1J37CY8hcdUXQ1KfBhMCsUVafa8XjDsdCn,1Hj95YKn3SEhTMY7kspKMK2Vt7c9U1TjFA,486780000
1495485344000,1J37CY8hcdUXQ1KfBhMCsUVafa8XjDsdCn,1EX1VwqKTz4nT3WJrKz9rx9hCjRzNazrFV,2290015
1495485344000,1J37CY8hcdUXQ1KfBhMCsUVafa8XjDsdCn,17vYrbbe4zH9r8kpUghaV6WMjPH4reexvc,30000000
1495485344000,1J37CY8hcdUXQ1KfBhMCsUVafa8XjDsdCn,3KadUbA8zwiiXzYF7F1oiEn4nkf3pbxXMK,9067652
1452821408000,1J37CY8hcdUXQ1KfBhMCsUVafa8XjDsdCn,1P663VkqQg2rQjVx3Vvv5ivwNS2zLFRQK2,1000000
1469466176000,1J37CY8hcdUXQ1KfBhMCsUVafa8XjDsdCn,15ivwgt6zEipmw7uEmdJJwUbvt6qBUQ4Mq,420000
1316292160000,15VjRaDX9zpbA8LVnbrCAFzrVzN7ixHNsC,1HP3gP3cSf64BoqQbmKpeDpDcSEKSrjpJq,500000
1316292160000,15VjRaDX9zpbA8LVnbrCAFzrVzN7ixHNsC,1FRQ15HvzRvuqviLSQdKCqWGp16wRn3mnH,500000
1316292160000,15VjRaDX9zpbA8LVnbrCAFzrVzN7ixHNsC,16nnPy2XJjip2F2eU98cRsLnHpEyWKUF4y,500000
1486849600000,1J37CY8hcdUXQ1KfBhMCsUVafa8XjDsdCn,16umt1xPo6CrKxSpXQ4UeZXbfvwXhmk8JZ,30150000
1501529664000,1J37CY8hcdUXQ1KfBhMCsUVafa8XjDsdCn,1Lyv1TzysBBPCTcojdgfD3GCYTW7f8d2RA,22193971
1501529664000,1J37CY8hcdUXQ1KfBhMCsUVafa8XjDsdCn,18XuUAcJ2DY7eYYcxrkUU53LQmajdPHd25,4644203
1501529664000,1J37CY8hcdUXQ1KfBhMCsUVafa8XjDsdCn,3H4qkptBcQpgpDSvKNaDkQ5Y7bam2foSRt,1152012
1501529664000,1J37CY8hcdUXQ1KfBhMCsUVafa8XjDsdCn,177LTRvght95THVprgUfXdhtiHtqbawv5j,64037255
1501529664000,1J37CY8hcdUXQ1KfBhMCsUVafa8XjDsdCn,1QDveFKk55utPhWusb6nEQkUG3ra8yab3F,932272934
1501529664000,1J37CY8hcdUXQ1KfBhMCsUVafa8XjDsdCn,36aFa5Uh6pC4QbohHy87XFkphoqgmfppmC,24260440
1501529664000,1J37CY8hcdUXQ1KfBhMCsUVafa8XjDsdCn,1FuPC79ARsTdErEtB2SmF5WQUNMRgXyBnP,968399
1501529664000,1J37CY8hcdUXQ1KfBhMCsUVafa8XjDsdCn,3PohwDRWnPk5moDBy4tPhiP9yPKC5EVcZr,1000000
1501529664000,1J37CY8hcdUXQ1KfBhMCsUVafa8XjDsdCn,1MPr9ENCkTLDvw1aE2a4EHLSj6eHPJy1gf,100034704
1501529664000,1J37CY8hcdUXQ1KfBhMCsUVafa8XjDsdCn,17FbsPodeET4HMNii8x3tBJLTAemfjPjj1,18044683
1501529664000,1J37CY8hcdUXQ1KfBhMCsUVafa8XjDsdCn,12MLC2CaDU9TmUTC2iKVNPpLacZTerkn8n,17185973
1501529664000,1J37CY8hcdUXQ1KfBhMCsUVafa8XjDsdCn,1GkMHqEf7H2FnyC6WzKSqzomU8GdrpNcxH,448782512
1501529664000,1J37CY8hcdUXQ1KfBhMCsUVafa8XjDsdCn,1EdJXGaeHMFjjWwSeurT37iZ54AWJxBbwv,26826571
1501529664000,1J37CY8hcdUXQ1KfBhMCsUVafa8XjDsdCn,31kH9XLyKynP81UFrUGvBH5Jdyn9b6DSyb,22064680
1501529664000,1J37CY8hcdUXQ1KfBhMCsUVafa8XjDsdCn,1HVJKY5CLRCkXbgwAyv48RRWo4krxs68pz,22676598
1501529664000,1J37CY8hcdUXQ1KfBhMCsUVafa8XjDsdCn,112Soyv5Y5xE4UkxPDpdQqh1NDsmWFikD1,18769255
1501529664000,1J37CY8hcdUXQ1KfBhMCsUVafa8XjDsdCn,1yMpfQip1dR7p6KNuBN6Ek58RC42hMEWz,7419935
1501529664000,1J37CY8hcdUXQ1KfBhMCsUVafa8XjDsdCn,141wkeMDAbxvzeKLRahFMHEFVrGnGWpWUn,100000000
1501529664000,1J37CY8hcdUXQ1KfBhMCsUVafa8XjDsdCn,3JpD7BZ4LVJBZfa1jahGQXCVoQw6p37hZ5,22465041
1501529664000,1J37CY8hcdUXQ1KfBhMCsUVafa8XjDsdCn,1L2CyX7fmaGRqejqk3BopfV4qyidpbnSF5,4182509
1501529664000,1J37CY8hcdUXQ1KfBhMCsUVafa8XjDsdCn,12znexrsYbhLXUQCb51geRJC7FB7Z1nwT6,25225390
1501529664000,1J37CY8hcdUXQ1KfBhMCsUVafa8XjDsdCn,1E4ZRHqbmeoyg3aHUCPT9CkGzZpw6319dm,54662849
1501529664000,1J37CY8hcdUXQ1KfBhMCsUVafa8XjDsdCn,1P1eEXDCWvL3Zq3dgy9qwwTrFXGCfyZJvS,10000000
1501529664000,1J37CY8hcdUXQ1KfBhMCsUVafa8XjDsdCn,16rjDkCMDSwttPaqULG9GdvvKG9fdvE6RV,2292140
1501529664000,1J37CY8hcdUXQ1KfBhMCsUVafa8XjDsdCn,1AQBwva1GWThnXwBT7VaC6gJBtrT8Vkg5M,1000000
1501529664000,1J37CY8hcdUXQ1KfBhMCsUVafa8XjDsdCn,1JVMw8no9XDPGVsNAPir9ugvxuEeC8tDLK,23540000
1508075072000,1J37CY8hcdUXQ1KfBhMCsUVafa8XjDsdCn,174GqPDWZhrm2URhxMCWbj7NaWoBCMDqkk,10000000
1508075072000,1J37CY8hcdUXQ1KfBhMCsUVafa8XjDsdCn,135oZFNmyVh6F9tGJudTkLE41uuvHHthHy,10105516
1508075072000,1J37CY8hcdUXQ1KfBhMCsUVafa8XjDsdCn,1HsDa9JFgnn94vKy6PZcgpeVJhZ9cDXb35,1500000
1508075072000,1J37CY8hcdUXQ1KfBhMCsUVafa8XjDsdCn,1C3YttBD9LZBRLxzvdLKgdq2RrAfm9mba9,9100000
1508075072000,1J37CY8hcdUXQ1KfBhMCsUVafa8XjDsdCn,13w7wX4GJehLxQ6rW3pPVs53KpJnn5Sft9,132056
1508075072000,1J37CY8hcdUXQ1KfBhMCsUVafa8XjDsdCn,1Dr792t8TkkG7hWKgXdk7mxniY28o415PU,3816000
1499301440000,1J37CY8hcdUXQ1KfBhMCsUVafa8XjDsdCn,1Q19oFCU4yJnpiAWjtnzwzUnmLeY9uupza,3200000
1499301440000,1J37CY8hcdUXQ1KfBhMCsUVafa8XjDsdCn,18FTU3c8NgvSr5ygsNx6riTuA2rJ2GrwkV,4187719
1499301440000,1J37CY8hcdUXQ1KfBhMCsUVafa8XjDsdCn,1AVURHvw87B6kR6ArmX76LLbkEq4EJG8ui,11357729
1488332352000,1J37CY8hcdUXQ1KfBhMCsUVafa8XjDsdCn,1Dsaaqghmffv9F3UP9Bd1jzYX5LTV9YbfJ,84092485
1488332352000,1J37CY8hcdUXQ1KfBhMCsUVafa8XjDsdCn,1Koj5m12epTVuaJENMja2j6HmZJ9GrAtrb,2090212787
1488332352000,1J37CY8hcdUXQ1KfBhMCsUVafa8XjDsdCn,17cjcGriGVuABN7nu6aGwBeqraTSxT7mGG,450000000
1513129536000,1LSgEKji3ZoGdvzBgkcJMej74iBd38fySb,18irxsaUSFH7t2BtFT6inr47pv6imAD6QH,400000000
1513129536000,1LSgEKji3ZoGdvzBgkcJMej74iBd38fySb,19TKtWXo64PF1MyNXaUBaV4qe9nfYCKb8f,8149913
1513129536000,1J37CY8hcdUXQ1KfBhMCsUVafa8XjDsdCn,3MmL3kEaQxxD6QsYCgH3nUWicFEhUmurVU,50000000
1513129536000,1LSgEKji3ZoGdvzBgkcJMej74iBd38fySb,13wJo2ywSNf9jcVuRAxshKmp49ANgtturQ,209322286
1513129536000,1LSgEKji3ZoGdvzBgkcJMej74iBd38fySb,3CyQZNawjoLXqfuS8ELBt7xNv7mJVSefZJ,685486272
1513129536000,1LSgEKji3ZoGdvzBgkcJMej74iBd38fySb,14ynnoKwtBr6yGZjh3sxpUPm2A2HVCmMb7,910000000
1513129536000,1J37CY8hcdUXQ1KfBhMCsUVafa8XjDsdCn,1AYD6GBQDy23D8Q2FoJ9gfmtWwqHGqQgJG,5836756
1513129536000,1LSgEKji3ZoGdvzBgkcJMej74iBd38fySb,12nBGCDBptzoPHWvFnKXC9KcYD239M9MJr,149010000
1513129536000,1LSgEKji3ZoGdvzBgkcJMej74iBd38fySb,1JGVGWGsN2Fzf1hBMkKmN1jh4uYNWphPgh,99950000
1513129536000,1LSgEKji3ZoGdvzBgkcJMej74iBd38fySb,3C1Bub5zK8FoGXcvmYJavqVDjP3qPkaDzL,2827285812
1513129536000,1LSgEKji3ZoGdvzBgkcJMej74iBd38fySb,13E9TQ7PRG6pvWdCLvUnHoY3UF2ZaWHank,9999950000
1513129536000,1LSgEKji3ZoGdvzBgkcJMej74iBd38fySb,36neirGJf9bgVBaeYH8ycxbUoyQiLZeLYu,200000000
1513129536000,1LSgEKji3ZoGdvzBgkcJMej74iBd38fySb,14KuHd2Soo7vHXZQHJPb38bW7Vxir2ToZU,108200000
1513129536000,1J37CY8hcdUXQ1KfBhMCsUVafa8XjDsdCn,39gKRjQpEVuJsqnJdwja7tYjCP2cPmgTWb,57931113
1513129536000,1J37CY8hcdUXQ1KfBhMCsUVafa8XjDsdCn,3G6EdgSCv89sjjZEy4MDqCd6rqAcvF4buA,2352403
1513129536000,1LSgEKji3ZoGdvzBgkcJMej74iBd38fySb,3BMEXV475MNwN1XzatStRjEhcYfciRj2og,165658162
1513129536000,1LSgEKji3ZoGdvzBgkcJMej74iBd38fySb,1Kr6QSydW9bFQG1mXiPNNu6WpJGmUa9i1g,170712601
1513129536000,1LSgEKji3ZoGdvzBgkcJMej74iBd38fySb,3GiFBUSPEzLCPNTPYX2FX4sQRAXXfvcPET,958566400
1513129536000,1J37CY8hcdUXQ1KfBhMCsUVafa8XjDsdCn,18E1EMWQsb6LScazU6nE3XNWCarV1LMdoh,1161676
1513129536000,1J37CY8hcdUXQ1KfBhMCsUVafa8XjDsdCn,14YRD4VuuVXhSvoiVDmn12LS5q4MxPx2QB,5000000000
1513129536000,1LSgEKji3ZoGdvzBgkcJMej74iBd38fySb,1H6s1gA3VYf3RQBCf4Vz4LVp4cwWw389Dt,579950000
1513129536000,1LSgEKji3ZoGdvzBgkcJMej74iBd38fySb,1NYQtxdxZtzELxZeHHeaEzfawKz5aPgQBV,132511569
1513129536000,1J37CY8hcdUXQ1KfBhMCsUVafa8XjDsdCn,14KAwRtLJiEiyHnrr9c4wpHMqyMkPoLeQV,587277
1513129536000,1LSgEKji3ZoGdvzBgkcJMej74iBd38fySb,3L4YrKoHRm1t2YtfMgJc1MLAEgis694L2X,235600000
1513129536000,1LSgEKji3ZoGdvzBgkcJMej74iBd38fySb,32AFEeJ3XTb9EYHAtE1Pi2Q86mmVW73cRy,399950000
1513129536000,1LSgEKji3ZoGdvzBgkcJMej74iBd38fySb,13aJC63THUWoPpKCraryVvpDqi8hsvoYqK,7000000
1513129536000,1LSgEKji3ZoGdvzBgkcJMej74iBd38fySb,17DtnSxYwh2M4UvEbpFhvhHLNySYgvkVH1,129950000
1513129536000,1LSgEKji3ZoGdvzBgkcJMej74iBd38fySb,36Y5cgwdaTj38Afz4ZyoXiryKNcEXCfq3e,124116400
1513129536000,1J37CY8hcdUXQ1KfBhMCsUVafa8XjDsdCn,1JU2uZvqJhbPhWeZpNKhygvwe2TUrBAo1Q,30000000
1513129536000,1J37CY8hcdUXQ1KfBhMCsUVafa8XjDsdCn,1BU4tqSdFFWMq6TaeGf3LMzJzoufZJxdsD,18572257
1513129536000,1J37CY8hcdUXQ1KfBhMCsUVafa8XjDsdCn,13fAoqW6RShKnbjKR7LjB3PepxKYoHVmbq,30000000
1513129536000,1J37CY8hcdUXQ1KfBhMCsUVafa8XjDsdCn,1EuoywSm5j24sExmLzLUDSvLVu5T5EwDLB,6976581
1513129536000,1LSgEKji3ZoGdvzBgkcJMej74iBd38fySb,1LR8pqJpodMk4o6EvmoopEuwdPNAhKVA4B,217233042
1513129536000,1LSgEKji3ZoGdvzBgkcJMej74iBd38fySb,1KzFm23Q1ox44pf2gZ4JEcv79wk7aubvU1,1000000000
1513129536000,1J37CY8hcdUXQ1KfBhMCsUVafa8XjDsdCn,3BMEXWP6D3VSrTFKhnbh7HRG81ud2nX585,200000000
1513129536000,1LSgEKji3ZoGdvzBgkcJMej74iBd38fySb,13hX5reXLBqzA3EPhBNy8gbbKHu9KpqnEd,95555641
1513129536000,1J37CY8hcdUXQ1KfBhMCsUVafa8XjDsdCn,1EViM9ivoopjZwBnKGrX1icbWw7AUpRqpR,1000000
1513129536000,1LSgEKji3ZoGdvzBgkcJMej74iBd38fySb,3R1VPSmuTCSg2Nx459hu3oQ9ivPSWZSURH,14990918
1513129536000,1J37CY8hcdUXQ1KfBhMCsUVafa8XjDsdCn,1NNuV7ZJJpxoVFjw1P41P8W3n9nShj39tA,70000000
1513129536000,1J37CY8hcdUXQ1KfBhMCsUVafa8XjDsdCn,1PjXZXHsFdX2P3sZUfE5gLSFHuvP5r79hU,8000000
1513129536000,1LSgEKji3ZoGdvzBgkcJMej74iBd38fySb,1GZ75mgVVzfQ8yUCAc2oH8MFbSxwnZbam,555400000
1513129536000,1LSgEKji3ZoGdvzBgkcJMej74iBd38fySb,1KzFm23Q1ox44pf2gZ4JEcv79wk7aubvU1,109468964
1513129536000,1LSgEKji3ZoGdvzBgkcJMej74iBd38fySb,1JbhtYs4HiBH1nEzKShSfKMVWBBUJS6esM,74950000
1513129536000,1LSgEKji3ZoGdvzBgkcJMej74iBd38fySb,38DsV55ebCeq74myzr1ugAJLFNjPNiojnE,115291383
1513129536000,1LSgEKji3ZoGdvzBgkcJMej74iBd38fySb,1FdZehF9RJktGzVPs1hA39fMftqZ6KKoZ2,311000000
1513129536000,1J37CY8hcdUXQ1KfBhMCsUVafa8XjDsdCn,179C4FgZ1s8P3QVJKjYmXkMivWZP1H93Ye,43530000
1513129536000,1LSgEKji3ZoGdvzBgkcJMej74iBd38fySb,13f4hpW1aG8Ri9FMA6572SLUfNnkfXVwGS,3257550
1513129536000,1LSgEKji3ZoGdvzBgkcJMej74iBd38fySb,1B3GUaGp9k8mhekDkuLzKdm9Jj3LRAi6Xr,20000000000
1513129536000,1J37CY8hcdUXQ1KfBhMCsUVafa8XjDsdCn,1Q2AobBcn6mY9Kcx3T6wby4NQPtjvNJqZx,579100
1513129536000,1LSgEKji3ZoGdvzBgkcJMej74iBd38fySb,12nBGCDBptzoPHWvFnKXC9KcYD239M9MJr,149440000
1513129536000,1J37CY8hcdUXQ1KfBhMCsUVafa8XjDsdCn,1FCrJ4ncvwuES2NXQYwCMm3SmcVN221aXk,2000000
1513129536000,1LSgEKji3ZoGdvzBgkcJMej74iBd38fySb,39wuQWcGZnyKxM2wXUrExkKACMGYqyGFtT,481555000
1513129536000,1J37CY8hcdUXQ1KfBhMCsUVafa8XjDsdCn,3H6xfFz8BVHfAqUVYCtuRxykjgQ9Hh1bG2,17200000
1513129536000,1J37CY8hcdUXQ1KfBhMCsUVafa8XjDsdCn,35kSiX9Qb1u3w4rgVnHQYk83VGFYMmP3BZ,6090862
1513129536000,1J37CY8hcdUXQ1KfBhMCsUVafa8XjDsdCn,1BMSL9vvzoAVtALYuMPiFD2J9HzE2gSjLS,2000000
1513129536000,1J37CY8hcdUXQ1KfBhMCsUVafa8XjDsdCn,1GTH1opW32wJonhxRvSEbLiENCAh1aDxqV,1000000
1513129536000,1J37CY8hcdUXQ1KfBhMCsUVafa8XjDsdCn,1JKZDSJYUmWrECsC1GU6dCKCNgPBS2Su7C,20000000
1513129536000,1J37CY8hcdUXQ1KfBhMCsUVafa8XjDsdCn,3QZgK17Shj4mEYBNn2vXAZtp9K6PGMuhbp,732600
1513129536000,1LSgEKji3ZoGdvzBgkcJMej74iBd38fySb,39wuQWcGZnyKxM2wXUrExkKACMGYqyGFtT,43752100
1513129536000,1J37CY8hcdUXQ1KfBhMCsUVafa8XjDsdCn,12uU4NesuuBwYw1bnPPKx5gzeh3SCsrHhF,23185521
1513129536000,1J37CY8hcdUXQ1KfBhMCsUVafa8XjDsdCn,14fYrwdDBaSKpfBTbba7FTZkhx95dTsj9M,191893318
1513129536000,1LSgEKji3ZoGdvzBgkcJMej74iBd38fySb,13P2ANw4fA8Fq2m2m1rAFFqGkrpWuHMLmM,17542563
1513129536000,1J37CY8hcdUXQ1KfBhMCsUVafa8XjDsdCn,1Mq5qfuCM58BuYo6YU3dJUbhT7yv4RwZum,8148000
1513129536000,1J37CY8hcdUXQ1KfBhMCsUVafa8XjDsdCn,3JtCzfe4NxtnuhUbb3vku1WDoyxyemo5os,580000
1513129536000,1J37CY8hcdUXQ1KfBhMCsUVafa8XjDsdCn,157PVWwkDHFGumPnVun9MLUqWAfXPkJu3S,2105370
1513129536000,1LSgEKji3ZoGdvzBgkcJMej74iBd38fySb,1Kr6QSydW9bFQG1mXiPNNu6WpJGmUa9i1g,442515101
1513129536000,1J37CY8hcdUXQ1KfBhMCsUVafa8XjDsdCn,17YZRW5ETqadSVv9gwtRbeA1Zen4rFYF5e,34850309
1513129536000,1J37CY8hcdUXQ1KfBhMCsUVafa8XjDsdCn,1PRBYtrHSPZZu6irk14aZLJn1s5NseCKXu,600000
1513129536000,1LSgEKji3ZoGdvzBgkcJMej74iBd38fySb,1643yhGXKC18FZkbJtZzxFgJ3nezNaUJEk,500000000
1513129536000,1LSgEKji3ZoGdvzBgkcJMej74iBd38fySb,38DsV55ebCeq74myzr1ugAJLFNjPNiojnE,33279208
1513129536000,1LSgEKji3ZoGdvzBgkcJMej74iBd38fySb,1HqNentnSipEgB2kEEpm1aT2jJLfZgEriB,499950000
1513129536000,1LSgEKji3ZoGdvzBgkcJMej74iBd38fySb,16LD685vQtJeZY7baUKCk8YBHbQeCTiZ5T,100000000
1513129536000,1J37CY8hcdUXQ1KfBhMCsUVafa8XjDsdCn,3Cbkr1hsJce4sKb55tEL686fV6q5bEgKZB,4080210036
1513129536000,1J37CY8hcdUXQ1KfBhMCsUVafa8XjDsdCn,1JJV7LTm2vpKdnSaau1Atk8K9SoNCgwYSP,33643599
1513129536000,1LSgEKji3ZoGdvzBgkcJMej74iBd38fySb,1CCZq8ozYV36FiUVPsgdn4n5PBegZkhJp7,388000000
1484457536000,1J37CY8hcdUXQ1KfBhMCsUVafa8XjDsdCn,1KxhuARQT2xt4A4QSwqMiPE8fvcMc24GM8,1500000000
1484457536000,1J37CY8hcdUXQ1KfBhMCsUVafa8XjDsdCn,19zNMHAyj4GvYhmYgMFS3qPrp2rfLfknmB,92428965
1484457536000,1J37CY8hcdUXQ1KfBhMCsUVafa8XjDsdCn,3AaK7YcxoMjTomXqku4XYS7aH7HfyCWwB8,50000000
1506100800000,1J37CY8hcdUXQ1KfBhMCsUVafa8XjDsdCn,14P1chYjD8fUNpfCbs2B17pNBnDenJKaFd,25657425
1506100800000,1J37CY8hcdUXQ1KfBhMCsUVafa8XjDsdCn,1Bu7XAekB7RH9yd4Aefz2gbuf7e6hn2Jim,11237783
1506100800000,1J37CY8hcdUXQ1KfBhMCsUVafa8XjDsdCn,1G2n2GfF4wHymcEFJ5p3hu3KGUKjDzMo8m,1100000000
1506100800000,1J37CY8hcdUXQ1KfBhMCsUVafa8XjDsdCn,13f9f9SUqRsamfjKs2b9B59UdPCgKyoujG,30000000
1516774976000,1J37CY8hcdUXQ1KfBhMCsUVafa8XjDsdCn,145NQdhZhSpyWu4XtV1iFtcCNyY94gphP6,3826125
1516774976000,1J37CY8hcdUXQ1KfBhMCsUVafa8XjDsdCn,3PrrMNPnkvVSJWBbSiRitn86stQvFYPePb,1700000
1516774976000,1J37CY8hcdUXQ1KfBhMCsUVafa8XjDsdCn,3J4GX31vm4r1fg3AUHrhm51mUQN1BbUMot,500200000
1516774976000,1J37CY8hcdUXQ1KfBhMCsUVafa8XjDsdCn,3HB8wPMErpwDxWErzUYEtF7NF3nuzKkjzU,1867430
1516774976000,1J37CY8hcdUXQ1KfBhMCsUVafa8XjDsdCn,34NpaRA6kJfpXbixBbjZni4BrKSeF5DjG3,5243479
1516774976000,1J37CY8hcdUXQ1KfBhMCsUVafa8XjDsdCn,14WgqtEhxt6edJN9DD3Y2HkQkq4YVYVS6a,9660000
1516774976000,1J37CY8hcdUXQ1KfBhMCsUVafa8XjDsdCn,1AUcf2pKrViU8BHN6KjewRxhq9zG3qKsBw,300000
1499629120000,1J37CY8hcdUXQ1KfBhMCsUVafa8XjDsdCn,1Gp8RB1ARenPcxGHsBTsLJyJHBwQpRGqZe,395216301
1499629120000,1J37CY8hcdUXQ1KfBhMCsUVafa8XjDsdCn,1GrTAzR5pvDFq2ictpqi2yNVmpMU46Bf9S,46000000
1477419232000,1J37CY8hcdUXQ1KfBhMCsUVafa8XjDsdCn,1Gr8vcTHX17q5z3C8SCttiaha9m8HqhM2V,762642767
1477419232000,1J37CY8hcdUXQ1KfBhMCsUVafa8XjDsdCn,3GnYtcmR5g1sYn7RdqvHbXqfp2ctPfC4gR,830000000
1278107872000,15VjRaDX9zpbA8LVnbrCAFzrVzN7ixHNsC,1DGVxw6oFzfEaWrPiMH1G4at1KbP6HtQrJ,9500000000
1278107872000,15VjRaDX9zpbA8LVnbrCAFzrVzN7ixHNsC,1qdCoA1bXgM2kyTndg6MD4xxSmugFLD17,500000000
1329733856000,15VjRaDX9zpbA8LVnbrCAFzrVzN7ixHNsC,18ztPdcQtFg9J6kdbxcojQbj6ju5BPjqLS,500000
1329733856000,15VjRaDX9zpbA8LVnbrCAFzrVzN7ixHNsC,17MouThcPgki8r1vj4KSwdoW4GP254ANQz,500000
1329733856000,15VjRaDX9zpbA8LVnbrCAFzrVzN7ixHNsC,1JViVY3iNTuv8md5XcBcXFmWjPxfa7kTse,500000
1329733856000,15VjRaDX9zpbA8LVnbrCAFzrVzN7ixHNsC,1MoJgyGTgASWCtvyzWj7NnQzdksMV6Be3F,500000
1329733856000,15VjRaDX9zpbA8LVnbrCAFzrVzN7ixHNsC,172JnGzX9bihR3j9ciBGZGcqB11KoJvAJr,500000
1515307232000,1J37CY8hcdUXQ1KfBhMCsUVafa8XjDsdCn,1FpojxUx1iK3n8FhY9jwjCLKtkUm1z5vCr,2600000
1515307232000,1J37CY8hcdUXQ1KfBhMCsUVafa8XjDsdCn,14Sby17RM354hx7yGZuM7PUMGNcduttaQ7,40000000
1515307232000,1J37CY8hcdUXQ1KfBhMCsUVafa8XjDsdCn,1A4CCvQ4NK12YKxinJzKUAuhanYao5Wg3k,240764801
1515307232000,1J37CY8hcdUXQ1KfBhMCsUVafa8XjDsdCn,1JppD8QcomRX8BDoADuwdpJWZtSdRc9b7H,3000000
1515307232000,1J37CY8hcdUXQ1KfBhMCsUVafa8XjDsdCn,1BQXiGKKCbdYvXqEwFTBa9HdEtSMLuKzX6,6055000
1515307232000,1J37CY8hcdUXQ1KfBhMCsUVafa8XjDsdCn,1GqhpMGFA3YXq53r9xY3be1sg4P2spB7xH,2100000
1515307232000,1J37CY8hcdUXQ1KfBhMCsUVafa8XjDsdCn,1PuQiJwRN7zC2aZ5j1guFCXVbGWoUyxq3Z,5400000
1461002464000,1J37CY8hcdUXQ1KfBhMCsUVafa8XjDsdCn,123G6YEY41scj2aEvbiA1KRpEypuJdPuwP,381000000
1461002464000,1J37CY8hcdUXQ1KfBhMCsUVafa8XjDsdCn,3DcuGERKnYpSfjD6TgtsVipL6jZrWB2EM1,749000000
1461002464000,1J37CY8hcdUXQ1KfBhMCsUVafa8XjDsdCn,1Fjg8qBSNa1ZSSfRJ3yCMcSk6rK7sEABAJ,202336980
1499087072000,1LSgEKji3ZoGdvzBgkcJMej74iBd38fySb,1586UT5Rg2jQeUn2MktxqcMV4mbBc1ed9g,9024753497
1499087072000,1LSgEKji3ZoGdvzBgkcJMej74iBd38fySb,12raa3Z15nxqWurmgKeCdGaeH4WukYUtBM,315250071
1499087072000,1J37CY8hcdUXQ1KfBhMCsUVafa8XjDsdCn,1FWNZ9AC9V1Q1x4gDCbbTkUJUqcXcnX5BU,151300000
1499087072000,1LSgEKji3ZoGdvzBgkcJMej74iBd38fySb,1DsLWXP5orZGg3zRqieXHpwhKPJ9zSbrTg,1060000
1499087072000,1J37CY8hcdUXQ1KfBhMCsUVafa8XjDsdCn,17XEtqSdqjij9wdnZoMdC98T1RQ9A44VyK,122190000
1499087072000,1J37CY8hcdUXQ1KfBhMCsUVafa8XjDsdCn,12J5gdngoddRQmcHcPTSGHvnWZs6zdzyaF,3500000
1499087072000,1LSgEKji3ZoGdvzBgkcJMej74iBd38fySb,1J1TpPfawqw8oaj51dxZvod22jqr9cDBQm,1510000
1499087072000,1LSgEKji3ZoGdvzBgkcJMej74iBd38fySb,1QBZUcQpMEdWuaJAzSDbq7coBuQfaS4NWR,453960000
1499087072000,1LSgEKji3ZoGdvzBgkcJMej74iBd38fySb,1PSnnifcL2nZowNgra383yEAknqqXR16YT,12860000
1499087072000,1J37CY8hcdUXQ1KfBhMCsUVafa8XjDsdCn,1DJB4iKWkQfoRsGKtzJSC9XSzdnex1vfkz,197562769
1475649760000,1J37CY8hcdUXQ1KfBhMCsUVafa8XjDsdCn,17WVXFDAawpE8H7HddJeQ4KxbGJ5WarAc2,30000000
1489625312000,1J37CY8hcdUXQ1KfBhMCsUVafa8XjDsdCn,3QrGqud1UWr4XL6PEg73KMDsNJHhirbWwx,176429000
1489625312000,1J37CY8hcdUXQ1KfBhMCsUVafa8XjDsdCn,1LFFfo6G7kMsUG2kPt4RmwZ4VwCn8Meo9u,303000000
1489625312000,1J37CY8hcdUXQ1KfBhMCsUVafa8XjDsdCn,3QrGqud1UWr4XL6PEg73KMDsNJHhirbWwx,88214500
1489625312000,1J37CY8hcdUXQ1KfBhMCsUVafa8XjDsdCn,182AQ8eVjf563qnk44rRNhZ3QMo3DvrGV1,1118901
1490985184000,1J37CY8hcdUXQ1KfBhMCsUVafa8XjDsdCn,17iHLh7rSs51CKSQiBz39CSbKzxdncmD7g,278860000
1490985184000,1J37CY8hcdUXQ1KfBhMCsUVafa8XjDsdCn,1Ca9xF2CSeh2TbymevaVgkfQmmE2gNuDvS,45421672
1490985184000,1J37CY8hcdUXQ1KfBhMCsUVafa8XjDsdCn,1EKxG5J9JGUK892ZUc2xe8xqSuzqbaWnfq,9691146
1490985184000,1J37CY8hcdUXQ1KfBhMCsUVafa8XjDsdCn,17PdK7Uq1RNS3kvN5UzNLjdKpBtcnN6iqK,192383481
1490985184000,1J37CY8hcdUXQ1KfBhMCsUVafa8XjDsdCn,1Lnx2VJCMxUdyZjZ4DrdNR8YggUX6D5Tuv,408598521
1490985184000,1J37CY8hcdUXQ1KfBhMCsUVafa8XjDsdCn,1FLNRGgExbyqTiU1kjQjr4Hu8pFo9Yam7M,223000000
1490985184000,1J37CY8hcdUXQ1KfBhMCsUVafa8XjDsdCn,38ENmTr2AD1avJrmmi9iM7PfS6nZVmuMKf,250000000
1490985184000,1J37CY8hcdUXQ1KfBhMCsUVafa8XjDsdCn,16BD9K5bx2ShfUi2SVBbfxLCXkPAFCbyam,29367867
1490985184000,1J37CY8hcdUXQ1KfBhMCsUVafa8XjDsdCn,3DnufnPTYdjgrnyRKBmpVFmcwvroXs1wWw,100000000
1490985184000,1J37CY8hcdUXQ1KfBhMCsUVafa8XjDsdCn,1B3Qogatptg1uDiHkGEwnAFkFu4t9qBd8N,10690000
1490985184000,1J37CY8hcdUXQ1KfBhMCsUVafa8XjDsdCn,1CieKsbbYDJhiYhfWy6DWFaPpdP2YFG9JR,42000000
1490985184000,1J37CY8hcdUXQ1KfBhMCsUVafa8XjDsdCn,1GVUxoFVaeSoUrxYTp2CWGnmRapP2AiCx,30000000
1490985184000,1J37CY8hcdUXQ1KfBhMCsUVafa8XjDsdCn,1MEGFCo7Jf9f2qHPVkeWh2i9h31pgRrPL7,8300000
1490985184000,1J37CY8hcdUXQ1KfBhMCsUVafa8XjDsdCn,1CVGMyQaNjYN6Q9LPwBzPpSG1FRXfYztwp,22931634
1490985184000,1J37CY8hcdUXQ1KfBhMCsUVafa8XjDsdCn,3QrGqud1UWr4XL6PEg73KMDsNJHhirbWwx,848046000
1490985184000,1J37CY8hcdUXQ1KfBhMCsUVafa8XjDsdCn,1GB81sf69tFBsKZW7dyLj9hSMC7CLJJ5nG,46837239
1490985184000,1J37CY8hcdUXQ1KfBhMCsUVafa8XjDsdCn,1HSHDVkxmcQViqmNMBisTAKJZuinMB98eU,131071113
1490985184000,1J37CY8hcdUXQ1KfBhMCsUVafa8XjDsdCn,1BZ8b7Q5FT4ph3Vv5rETgTqoBAeH7qxypK,456662400
1490985184000,1J37CY8hcdUXQ1KfBhMCsUVafa8XjDsdCn,14khrreHqxJottnCp1YSovBsZhj6K5Mqg5,8885738
1490985184000,1J37CY8hcdUXQ1KfBhMCsUVafa8XjDsdCn,1BmYTE9JN1jQB4bDyJW6Vqt3okCVjk269L,268528964
1490985184000,1J37CY8hcdUXQ1KfBhMCsUVafa8XjDsdCn,1N6gHtZ7AnUdKSnmhsR8fQusMjLcT6GnSf,43842750
1490985184000,1J37CY8hcdUXQ1KfBhMCsUVafa8XjDsdCn,17kQceah9nTeXPxQNGGmtGvJe44NX4WaMn,501900000
1490985184000,1J37CY8hcdUXQ1KfBhMCsUVafa8XjDsdCn,38ENmTr2AD1avJrmmi9iM7PfS6nZVmuMKf,350000000
1458774240000,1J37CY8hcdUXQ1KfBhMCsUVafa8XjDsdCn,128EiwbyaUHgj9E7VgCC2cGD7hJb5BgjFN,119283969
1506975968000,1J37CY8hcdUXQ1KfBhMCsUVafa8XjDsdCn,1E9xJNY7RRV1GJtuiNq1Msq7k2ewsMEvVr,12055900
1506975968000,1J37CY8hcdUXQ1KfBhMCsUVafa8XjDsdCn,12VYbDp7wjjwbw5xecdCnmEAnc4DvtcCYf,1200000000
1506975968000,1J37CY8hcdUXQ1KfBhMCsUVafa8XjDsdCn,3FeXcDWM6vHMAEcTRMgnzvrKSxsQDwHQkK,7000000
1506975968000,1J37CY8hcdUXQ1KfBhMCsUVafa8XjDsdCn,1Moz89eP3CNPMDz14VWZUyt4RqaftCSgvK,1033200000
1506975968000,1J37CY8hcdUXQ1KfBhMCsUVafa8XjDsdCn,16CKd7x1JTQTdUGDgHvCuGKEg1V95qxaEb,400000
1506975968000,1J37CY8hcdUXQ1KfBhMCsUVafa8XjDsdCn,3Hqd2tHFUhKPNzzNTjLYXv1zoEsGRTnQUz,460000
1506975968000,1J37CY8hcdUXQ1KfBhMCsUVafa8XjDsdCn,34JcmgcATyT6TjBEXpHxN69oETCbCUpgMU,3227780
1506975968000,1J37CY8hcdUXQ1KfBhMCsUVafa8XjDsdCn,17rvZJrjfr3f2YKofimE3SV7GWAnjzip5J,46000000
1513554144000,1J37CY8hcdUXQ1KfBhMCsUVafa8XjDsdCn,13jPxwwFGZbddCvDtpC2S2rXRYXbQohUvR,11026111
1513554144000,1J37CY8hcdUXQ1KfBhMCsUVafa8XjDsdCn,1FuVNq8NR7pDW7ES67aRDCwNWkiBrenZNF,1396640
1513554144000,1J37CY8hcdUXQ1KfBhMCsUVafa8XjDsdCn,1KWR5288rh6urkjFD6U9ABpQ3jC35s99Hi,4650000
1513554144000,1J37CY8hcdUXQ1KfBhMCsUVafa8XjDsdCn,1B4EVn3aeWi6i3rNKMA352JYY7YW6Yb9wY,858015
1513554144000,1J37CY8hcdUXQ1KfBhMCsUVafa8XjDsdCn,1F9MG2D372CEaUdcXuDTy97AAagVo7HwaT,2596000
1513554144000,1J37CY8hcdUXQ1KfBhMCsUVafa8XjDsdCn,1QDdBbconLdJEwffYoQCq2kDB4YDuo3kBX,2798171
1513554144000,1J37CY8hcdUXQ1KfBhMCsUVafa8XjDsdCn,1L5UmbUdDtBkyt7BYx9yR1K7eZeYDPuiu9,255687134
1492549856000,1J37CY8hcdUXQ1KfBhMCsUVafa8XjDsdCn,38PQQzPqYkPSCwo9Jpb3oo5LUS56Rxa3LB,3960000
1492549856000,1J37CY8hcdUXQ1KfBhMCsUVafa8XjDsdCn,1N7bTydoHux8Z9yWCYHeipid48GcrhY9ts,100000000
1446951808000,1J37CY8hcdUXQ1KfBhMCsUVafa8XjDsdCn,1GnYM8BhK6h13F2WhSoZA5jqjEQzkuL4ya,358600000
1501682560000,1J37CY8hcdUXQ1KfBhMCsUVafa8XjDsdCn,1BTYy4EUnqS6soxFQ49WK9dSa51faeRcx,20184180
1501682560000,1J37CY8hcdUXQ1KfBhMCsUVafa8XjDsdCn,3Gm9NhpXSJGkKjH2AF1feoabLmXp3cwzCT,34265088
1451350912000,1J37CY8hcdUXQ1KfBhMCsUVafa8XjDsdCn,12DQ7L4LNrwp7vk3aX6Yhg9UTKxCfVxQmm,18000000
1465228160000,1J37CY8hcdUXQ1KfBhMCsUVafa8XjDsdCn,14CWJBqZMyTjYstSpSGA2T3aZ2rE44fJcw,25000000
1488501632000,1J37CY8hcdUXQ1KfBhMCsUVafa8XjDsdCn,39JvbBUovGT6ySTFdHu1iVGFTN5EzvudRp,1609086
1280867200000,1tqCbyFTXDrxHEnoCbWJHzimQKqt1qfE1,1GQna6iJ8UszoyjqYir51tHMYKRRx9CYPx,30000000000
1280867200000,1tqCbyFTXDrxHEnoCbWJHzimQKqt1qfE1,1972MMj9QcXQeJFY8SmN5X4Xs88ELSDkSx,120000000000
1453792128000,1J37CY8hcdUXQ1KfBhMCsUVafa8XjDsdCn,3QPHJsbo8b8J7C7HNicQMQKruw6HozWJmy,4000000000
1499880320000,1LSgEKji3ZoGdvzBgkcJMej74iBd38fySb,153qP3tSaT182MBdA79cZVyQtVyr4F4hiw,956000
1499880320000,1LSgEKji3ZoGdvzBgkcJMej74iBd38fySb,155q8y819KtWwWMnwf8hJmzTMohZpAnkGq,9960000
1499880320000,1J37CY8hcdUXQ1KfBhMCsUVafa8XjDsdCn,17WgsJXtjybLr7ac7htX7FfGdGFFXpgcpQ,83160169
1499880320000,1LSgEKji3ZoGdvzBgkcJMej74iBd38fySb,1C1oWr828R97FU3tWxNX3S1Fof5sA2BzKi,8360000
1499880320000,1LSgEKji3ZoGdvzBgkcJMej74iBd38fySb,1Kd6zLb9iAjcrgq8HzWnoWNVLYYWjp3swA,4982200000
1499880320000,1LSgEKji3ZoGdvzBgkcJMej74iBd38fySb,1FSpzWe3FjkZHg3nuyVA4N9dY5ZaVt9QHW,137999960000
1499880320000,1J37CY8hcdUXQ1KfBhMCsUVafa8XjDsdCn,1cYCZUwYdKrFVAZsUhzANHJ6tZQLA6QPv,28000000
1499880320000,1LSgEKji3ZoGdvzBgkcJMej74iBd38fySb,146dqSeZ3M6szzgF7yAgbQjDJdjocsGdK3,4833035
1499880320000,1LSgEKji3ZoGdvzBgkcJMej74iBd38fySb,1P6zwvvqeJNUtrHhEtHN3H2e3Th5Qd2cPk,5456991
1499880320000,1J37CY8hcdUXQ1KfBhMCsUVafa8XjDsdCn,1KxDpVrMmJH1Ld9qnB3xwStaU5VqJmBMw7,50000000
1499880320000,1LSgEKji3ZoGdvzBgkcJMej74iBd38fySb,18AcHaNNGk8fGLkcdoABm2t3m2NFUmPuNF,19960000
1499880320000,1J37CY8hcdUXQ1KfBhMCsUVafa8XjDsdCn,192b4o8AXQnyz1URmEyCNBzAgXR3e66T9t,1000000000
1499880320000,1LSgEKji3ZoGdvzBgkcJMej74iBd38fySb,1KT4hKZAJTMpYH3gXdfuaVFSXX6mo39zEM,9960000
1499880320000,1LSgEKji3ZoGdvzBgkcJMej74iBd38fySb,12WNbTghYfoPb3JsyvFLsTU8DYKavXmSJq,9941166
1499880320000,1LSgEKji3ZoGdvzBgkcJMej74iBd38fySb,1NYFhnjStg4UyCxgebUgiNsrZy8rZGPb8i,1000015
1491426176000,1J37CY8hcdUXQ1KfBhMCsUVafa8XjDsdCn,1VFUDAHDBhMwMxMzBXqYnXuhAT7YQPRbh,41000000
1491426176000,1J37CY8hcdUXQ1KfBhMCsUVafa8XjDsdCn,12vSD535KXQ4irHpTbRAKUP2sCseejQsXC,78270000
1491426176000,1J37CY8hcdUXQ1KfBhMCsUVafa8XjDsdCn,1E93bBVDZfppDxEMVGiczf8BgDx8PG1RZ8,9039903
1470674464000,1J37CY8hcdUXQ1KfBhMCsUVafa8XjDsdCn,3DdGDFx2NZZHojGBC9f6tQj1U359VzigrE,300000000
1506629152000,1J37CY8hcdUXQ1KfBhMCsUVafa8XjDsdCn,39r9Q6vE3pAm3xvGFUn9Z9uVB7DsBvo1Zn,40920000
1487386144000,1J37CY8hcdUXQ1KfBhMCsUVafa8XjDsdCn,1K16rWaiw6vqFbPkXzUgR6rS4c54Pjujiv,75540000
1487386144000,1J37CY8hcdUXQ1KfBhMCsUVafa8XjDsdCn,1PVZ2hTSJAUprTYELbdtro9nh2jB9jjrSp,28210000
1487386144000,1J37CY8hcdUXQ1KfBhMCsUVafa8XjDsdCn,15Ue2rdzfjR5Uwh6TfSrZvs6SMhDWxWaR7,776109
1487386144000,1J37CY8hcdUXQ1KfBhMCsUVafa8XjDsdCn,1EbwW31WxvzbAy9Pz3XJjsSHPUmPY26bpT,10000000
1487386144000,1J37CY8hcdUXQ1KfBhMCsUVafa8XjDsdCn,1CwdcgKZFKjB5ndfpnE92zazrW5W8oUeao,27007742
1487386144000,1J37CY8hcdUXQ1KfBhMCsUVafa8XjDsdCn,12mrAPvyiigZZeTwHmfVcjCo2KNgeZaZ8g,24000000
1487386144000,1J37CY8hcdUXQ1KfBhMCsUVafa8XjDsdCn,1NGgTNdeS95fLm3k9yW3LGCoVYVfFrQY3A,2307980
1487386144000,1J37CY8hcdUXQ1KfBhMCsUVafa8XjDsdCn,1KLkX5p6mqXhMMG37JTqkL4F5dHkm3wQZ3,2700000
1297200672000,15VjRaDX9zpbA8LVnbrCAFzrVzN7ixHNsC,1LWMDsKH5ANzd7agTAPzDNro1L9SRtjoHv,95000000
1297200672000,15VjRaDX9zpbA8LVnbrCAFzrVzN7ixHNsC,1D7AghuSQzxfjEvEn9ZqJDu4PaqEcLGtAF,5000000
1462679072000,1J37CY8hcdUXQ1KfBhMCsUVafa8XjDsdCn,12ArApD3Vo7Kz3PHd4uH2Cgz28DCVnXiJZ,1144569982
1487459872000,1J37CY8hcdUXQ1KfBhMCsUVafa8XjDsdCn,1UiGS4BhGcxGD23niruYzbEy2JeWRamyX,15000000
1497544224000,1LSgEKji3ZoGdvzBgkcJMej74iBd38fySb,1JCgXotxz6iBSBpbFtbbuReDnc9jczcwFh,648172
1497544224000,1LSgEKji3ZoGdvzBgkcJMej74iBd38fySb,1DEcTtkrbdXxS1wbrMvzub5X4VpByYmAwo,3776800000
1497544224000,1J37CY8hcdUXQ1KfBhMCsUVafa8XjDsdCn,1P6XawCurCFNXs6Y1ehLTbjksF1NbavAM4,8825074
1497544224000,1LSgEKji3ZoGdvzBgkcJMej74iBd38fySb,1B1hPr1fNrjEKkWJASJcSdWjsmu8brudx5,300000000
1497544224000,1LSgEKji3ZoGdvzBgkcJMej74iBd38fySb,1M8gCSBwmv7T4RgkTohkXmLwPJtLWSXUsH,342300
1497544224000,1LSgEKji3ZoGdvzBgkcJMej74iBd38fySb,1Kd6zLb9iAjcrgq8HzWnoWNVLYYWjp3swA,4736600000
1497544224000,1LSgEKji3ZoGdvzBgkcJMej74iBd38fySb,1NDfbv1hKrQH8YngtQfoQCaXZ2g58oQZQs,2713402
1497544224000,1J37CY8hcdUXQ1KfBhMCsUVafa8XjDsdCn,1MwQsoQDcJUDyf7CgLRcPKAvE3N1Ugy5Ro,21181240
1513248288000,1J37CY8hcdUXQ1KfBhMCsUVafa8XjDsdCn,1DBnPNRhTYjX1JGGBdNFYjiN85tdvnXfA9,6074285
1513248288000,1J37CY8hcdUXQ1KfBhMCsUVafa8XjDsdCn,1CKh8M8NK6Td7Ljbtupzz4XxiHj5VnQeCd,70000000
1513248288000,1J37CY8hcdUXQ1KfBhMCsUVafa8XjDsdCn,1Kuf98FFJHKPu2Tg8sTmbvKNBSsQphRMn6,1274885
1513248288000,1J37CY8hcdUXQ1KfBhMCsUVafa8XjDsdCn,34y8maCiNJvwhviPERDiqinUHuRM1jtrfe,100000000
1513248288000,1J37CY8hcdUXQ1KfBhMCsUVafa8XjDsdCn,1CGdYb1fVqfDSKgUfE3CmCd9tJ2URSDm7g,25000000
1482815008000,1J37CY8hcdUXQ1KfBhMCsUVafa8XjDsdCn,1FT9GJuHSkE8EdMCzDfN5ZBquEkEstFfkX,3990000
1458320928000,1J37CY8hcdUXQ1KfBhMCsUVafa8XjDsdCn,13yAYHuZZMWan9JBotTEXbZLPbenuLjtAz,2929980258
1494627872000,1J37CY8hcdUXQ1KfBhMCsUVafa8XjDsdCn,1pDduj22Se6vh5pNDFeAHwkWPTkLVK2QM,27660000
1483757088000,1J37CY8hcdUXQ1KfBhMCsUVafa8XjDsdCn,37a7xbKjGthfnAZvwABpsQVEpTz9gic1V1,516000000
1495234080000,1J37CY8hcdUXQ1KfBhMCsUVafa8XjDsdCn,17qBFk2CrUvrEBFXmsfb81ohgVAJcBSjyr,20400000
1495234080000,1LSgEKji3ZoGdvzBgkcJMej74iBd38fySb,3D2oetdNuZUqQHPJmcMDDHYoqkyNVsFk9r,33141881000
1495234080000,1J37CY8hcdUXQ1KfBhMCsUVafa8XjDsdCn,121uxZH4KMK38yqzo9M6FYjfdHAN6Be4uk,491944400
1495234080000,1LSgEKji3ZoGdvzBgkcJMej74iBd38fySb,3D2oetdNuZUqQHPJmcMDDHYoqkyNVsFk9r,44947841000
1495234080000,1LSgEKji3ZoGdvzBgkcJMej74iBd38fySb,1KF3pe2SQe3us8Hp96vjCzMnnMFP9qVknb,1044086
1495234080000,1J37CY8hcdUXQ1KfBhMCsUVafa8XjDsdCn,1PDhKVVmKv9sfxREv6K75nK1i7Y3s7En1x,30000000
1495234080000,1J37CY8hcdUXQ1KfBhMCsUVafa8XjDsdCn,1FHQ9P4xF4snTGGMr4UZQfLzVNB26AXmjJ,25445422
1495234080000,1LSgEKji3ZoGdvzBgkcJMej74iBd38fySb,1ECXk5AuPkiComcnYYtXGChNjW1d6wQEKt,3150836765
1495234080000,1J37CY8hcdUXQ1KfBhMCsUVafa8XjDsdCn,137uxj7fUkFQS5x5txiL1vbfWr53BkFiBu,3000000
1495234080000,1LSgEKji3ZoGdvzBgkcJMej74iBd38fySb,362G3iUHtYndDruqZdR6PnEgocNMXVqysq,1503612
1495234080000,1J37CY8hcdUXQ1KfBhMCsUVafa8XjDsdCn,1PDhKVVmKv9sfxREv6K75nK1i7Y3s7En1x,1000000
1495234080000,1J37CY8hcdUXQ1KfBhMCsUVafa8XjDsdCn,3MiwnBAiFfdCSLMfoRmNijY5Mb9PYnkm1C,45000000
1495234080000,1J37CY8hcdUXQ1KfBhMCsUVafa8XjDsdCn,1CxVT7oK9PuwybN5UNei9roKAGqx2zkXpf,4000000
1495234080000,1J37CY8hcdUXQ1KfBhMCsUVafa8XjDsdCn,1NUUAhGtteL6c5HAprZLLinAu9pSE3kky5,26037791
1495234080000,1LSgEKji3ZoGdvzBgkcJMej74iBd38fySb,1CZYKVqwxa2tpshrRjfbWuMjXjecoBE3KA,124456465
1496846528000,1J37CY8hcdUXQ1KfBhMCsUVafa8XjDsdCn,1BTVdXESAW2qhhuChYeoiKfq8GqTMqdpb2,1050000000
1496846528000,1J37CY8hcdUXQ1KfBhMCsUVafa8XjDsdCn,153y1dxrFgbVEsJWNwn6YQ28JkfhZC1u53,14457746470
1496846528000,1J37CY8hcdUXQ1KfBhMCsUVafa8XjDsdCn,1BamCviVQThkf5cmbXzHXs6C2awGh1699v,20000000
1496846528000,1J37CY8hcdUXQ1KfBhMCsUVafa8XjDsdCn,1JDAF65n2rb2nZqZoJD2gijQajJbruLDXE,110000000
1496846528000,1J37CY8hcdUXQ1KfBhMCsUVafa8XjDsdCn,1BGi7ttLuEi1mG1i7vHso7dNN5pqNc35wa,15000000
1508913344000,1J37CY8hcdUXQ1KfBhMCsUVafa8XjDsdCn,32cchFrzCD9bbNT8fD4FKUzC6Upv2EZSor,10000000
1508913344000,1J37CY8hcdUXQ1KfBhMCsUVafa8XjDsdCn,1CMYY2BHAasQfKjs7AHj4hswfbm3hPBVxb,540000000
1508913344000,1J37CY8hcdUXQ1KfBhMCsUVafa8XjDsdCn,3CotnNRJ7bXfXiUJZpjZyMC1xN5GdFZwER,100000
1508913344000,1J37CY8hcdUXQ1KfBhMCsUVafa8XjDsdCn,1N2ouYoxUetq3hnzKt2q8vdhUNcvZKoxHD,18300000
1506799808000,1J37CY8hcdUXQ1KfBhMCsUVafa8XjDsdCn,139bFPSYPHcg6Smr5y8Lf1pg1qn1r8utJh,14800000
1506799808000,1J37CY8hcdUXQ1KfBhMCsUVafa8XjDsdCn,3Gvpb9sWeyVaGnLwi2iPtWqr8YNnd47wkt,74470000
1506799808000,1J37CY8hcdUXQ1KfBhMCsUVafa8XjDsdCn,1NjQyZwo1XRiAvf5KbXbjKThG7YM2JiWUd,11000000
1507471552000,1J37CY8hcdUXQ1KfBhMCsUVafa8XjDsdCn,1FFmKCDSg6emJ1ngk5JbYPTWrKk18Cy6ZN,240420000
1507471552000,1J37CY8hcdUXQ1KfBhMCsUVafa8XjDsdCn,1PW2GKH4dbcFpsKy3FDUWuUfg5HzwwHG4A,28253728
1507471552000,1J37CY8hcdUXQ1KfBhMCsUVafa8XjDsdCn,1BDkckGMWuPfrQZFXbQzB2CyUSNX4GSxsL,10947000
1510256832000,1J37CY8hcdUXQ1KfBhMCsUVafa8XjDsdCn,1MZwE7XpdaZUdWNuo9BkM5rs1HY8o5cJCw,100000000
1510256832000,1J37CY8hcdUXQ1KfBhMCsUVafa8XjDsdCn,17hB1N71etiV7Voxwo6BtdRvtNMERDuHvF,25000000
1510256832000,1J37CY8hcdUXQ1KfBhMCsUVafa8XjDsdCn,1DK3a9tSci7F7jCoLAGX6PWQMJ393ka8wF,6974532
1510256832000,1J37CY8hcdUXQ1KfBhMCsUVafa8XjDsdCn,1H59Hi9KdXAwk4m5Z8cemUCVRpJU21K7iy,208608539
1510256832000,1J37CY8hcdUXQ1KfBhMCsUVafa8XjDsdCn,1FXzfSnxN5qCg3FrL2PKJCcmTgZYtoVRH8,5562439
1510256832000,1J37CY8hcdUXQ1KfBhMCsUVafa8XjDsdCn,1KLgQq655iAP24W71bWSwHMdCXTNwZwoQU,6258692
1510256832000,1J37CY8hcdUXQ1KfBhMCsUVafa8XjDsdCn,1JoPfVkoAMekRKPfDuBsYLzbKZBivDyj8H,2852673
1510256832000,1J37CY8hcdUXQ1KfBhMCsUVafa8XjDsdCn,1DWVq3ujLwSTUdAKZxkgd33fepbabv6KDU,4800000
1510256832000,1J37CY8hcdUXQ1KfBhMCsUVafa8XjDsdCn,1FWbVbB35rEQDjg8nC8nko9tJ2cUHahQ6b,553590000
1510256832000,1J37CY8hcdUXQ1KfBhMCsUVafa8XjDsdCn,1PJqV22Mjw9YrnR3QXNVjznNaQHopCB22C,3166541
1510256832000,1J37CY8hcdUXQ1KfBhMCsUVafa8XjDsdCn,1AWxJa2oK6139F5FXagpthuKKjZHdnS13L,127264380
1510256832000,1J37CY8hcdUXQ1KfBhMCsUVafa8XjDsdCn,16E6yEu61UPnR6yb7rz2CNyYjHQb2Pt24i,335650000
1510256832000,1J37CY8hcdUXQ1KfBhMCsUVafa8XjDsdCn,1514yHpwc7RYG1LisuE2Xa5FbdTfZKX9Lt,12173813
1510256832000,1J37CY8hcdUXQ1KfBhMCsUVafa8XjDsdCn,18TkJBhv122SNrwdxqUi6HXZQ9jd64GXy6,4523659
1510256832000,1J37CY8hcdUXQ1KfBhMCsUVafa8XjDsdCn,1HZ5PNKTET17sh5kvoST1a8K3WZD5vuV5q,8286823
1510256832000,1J37CY8hcdUXQ1KfBhMCsUVafa8XjDsdCn,1GzKwtw8MrqrUgDm9HGYgeRrBULShFrsYS,6828259
1510256832000,1J37CY8hcdUXQ1KfBhMCsUVafa8XjDsdCn,1BFQz8QW5ALDfrPZ9yRTwAbmDctkcPzK3w,12328056
1510256832000,1J37CY8hcdUXQ1KfBhMCsUVafa8XjDsdCn,1NWxJPGqu9VfRWGrrPbT5i4Eg1YcHekzHN,120020000
1510256832000,1J37CY8hcdUXQ1KfBhMCsUVafa8XjDsdCn,1BATQYYCtzMHAgV9uKEu2jE1gGRoVkiwv1,10965300
1510256832000,1J37CY8hcdUXQ1KfBhMCsUVafa8XjDsdCn,1FXzfSnxN5qCg3FrL2PKJCcmTgZYtoVRH8,6934831
1510256832000,1J37CY8hcdUXQ1KfBhMCsUVafa8XjDsdCn,1ETT9vZuXy3ay9Wgra5DZubSypT74nB2JJ,1000000
1510256832000,1J37CY8hcdUXQ1KfBhMCsUVafa8XjDsdCn,196Q391xpGgdM6M73gtDZz518H6wVWzstc,2370000
1510256832000,1J37CY8hcdUXQ1KfBhMCsUVafa8XjDsdCn,1JjV1TFAqfsHMmNy5AMRZpC1sZdrFRu2Ae,1500000
1510256832000,1J37CY8hcdUXQ1KfBhMCsUVafa8XjDsdCn,1DXd3F5EWygfzNHh2niqzxJ86aGDLbnqB4,4792200
1510256832000,1J37CY8hcdUXQ1KfBhMCsUVafa8XjDsdCn,1B7cVfq7J8FX8iEh1YGctdykiZKTLhbQW5,14629446
1510256832000,1J37CY8hcdUXQ1KfBhMCsUVafa8XjDsdCn,1CeumL4Qk8Y5eE5ayDHSogEKTjGS6LmpDA,10000000
1510256832000,1J37CY8hcdUXQ1KfBhMCsUVafa8XjDsdCn,1ArjYb7v7ozkoNi8HKcbyTVVhcDQR87H43,29102761
1452208320000,1J37CY8hcdUXQ1KfBhMCsUVafa8XjDsdCn,1FWHEdjgFtPvsWbzgEGUUKaub8Ds22LiCr,10000000
1483985088000,1J37CY8hcdUXQ1KfBhMCsUVafa8XjDsdCn,1Hc5N7mHAvKkrUviQxh5nLTNV2kRPu2a1U,1000000
1483985088000,1J37CY8hcdUXQ1KfBhMCsUVafa8XjDsdCn,15YJeoWmoeYYwbw4xgALE5a2hBTqGfe9hy,67194033
1483985088000,1J37CY8hcdUXQ1KfBhMCsUVafa8XjDsdCn,1LnuF8ozfWXWLnVdVQS9XRfRY9rWxvdBvt,890680270
1498616000000,1J37CY8hcdUXQ1KfBhMCsUVafa8XjDsdCn,3Kzh9qAqVWQhEsfQz7zEQL1EuSx5tyNLNS,300000000000
1498616000000,1J37CY8hcdUXQ1KfBhMCsUVafa8XjDsdCn,38PQQzPqYkPSCwo9Jpb3oo5LUS56Rxa3LB,2066391
1498616000000,1J37CY8hcdUXQ1KfBhMCsUVafa8XjDsdCn,1Hw5zDrfoo7n2UZdSXKzQhzCZZVULRW9rs,13820561
1498616000000,1J37CY8hcdUXQ1KfBhMCsUVafa8XjDsdCn,1JjFkrHZPVJUBAooWhDxrBHCRsSz3p5PH5,12961414
1498616000000,1J37CY8hcdUXQ1KfBhMCsUVafa8XjDsdCn,1CYorJuNRnsfg6vj1cw9QSULx4QyMKpdUL,795000000
1498616000000,1J37CY8hcdUXQ1KfBhMCsUVafa8XjDsdCn,1Jjrx15Bisn7kGqeZD1UX7m89cYe7DaKUR,7856467
1498616000000,1J37CY8hcdUXQ1KfBhMCsUVafa8XjDsdCn,3KFHCZYWX7ASnQx9zdEjNiLHxCzXK7H2Ke,6072923
1498616000000,1J37CY8hcdUXQ1KfBhMCsUVafa8XjDsdCn,15LwUEPjQLuNCMoCquaYBrS5YXAK9ifVsB,190000
1498616000000,1J37CY8hcdUXQ1KfBhMCsUVafa8XjDsdCn,1DYxVtewQEya918xtMfaY5XkeGVtkQ5Y7q,2000000
1498616000000,1J37CY8hcdUXQ1KfBhMCsUVafa8XjDsdCn,1pvj4Lnc1Nfnsp1Zh2zkhg8dpnrGixn5o,2766412
1498616000000,1J37CY8hcdUXQ1KfBhMCsUVafa8XjDsdCn,1DMBQzV1mbWxioJWvoXLzyxuNnm9bWDer1,401296
1498616000000,1J37CY8hcdUXQ1KfBhMCsUVafa8XjDsdCn,1JpgnSCXjz1NEsxj3DJ863woDH8q7YoywU,50000000
1498616000000,1J37CY8hcdUXQ1KfBhMCsUVafa8XjDsdCn,1PokB5XWfacowKSCuSMHgCaiy9FGZDBE3w,14100000
1498616000000,1J37CY8hcdUXQ1KfBhMCsUVafa8XjDsdCn,1KpzkJhjLRYsMmw2XSK96KPfx1LeaYXCq3,24256000
1465733312000,1J37CY8hcdUXQ1KfBhMCsUVafa8XjDsdCn,16Nfj6o8FLcavLDwPmdxvQsCJGV9qXvYBT,166000000
1465733312000,1J37CY8hcdUXQ1KfBhMCsUVafa8XjDsdCn,1FDhaknicEP6Y64kYmW7wvsBumrngeyknS,100000000
1510412480000,1J37CY8hcdUXQ1KfBhMCsUVafa8XjDsdCn,3PmDpGtdjjUr28Gfk7HDJ9jbjbYDiN2mKC,667352808
1510412480000,1J37CY8hcdUXQ1KfBhMCsUVafa8XjDsdCn,143HJNoYTkGzHRtakEHezSpwJDnd6RoLsQ,100000000
1510412480000,1J37CY8hcdUXQ1KfBhMCsUVafa8XjDsdCn,1AQG6xzArJomvAGk1oLM2CXCMZveympNcE,386458
1510412480000,1LSgEKji3ZoGdvzBgkcJMej74iBd38fySb,1Kr6QSydW9bFQG1mXiPNNu6WpJGmUa9i1g,62980307682
1510412480000,1J37CY8hcdUXQ1KfBhMCsUVafa8XjDsdCn,1CFKuAZcxVEQnjfp5w2Cpii1a8wNp4c3X,1546513
1510412480000,1J37CY8hcdUXQ1KfBhMCsUVafa8XjDsdCn,12UhDijVJ7Suprpe1vFfivnLkTiX7m5NJg,142427700
1510412480000,1J37CY8hcdUXQ1KfBhMCsUVafa8XjDsdCn,192b4o8AXQnyz1URmEyCNBzAgXR3e66T9t,1500000000
1510412480000,1J37CY8hcdUXQ1KfBhMCsUVafa8XjDsdCn,15HnCofg9hADntHc56DA6EtMQRWzyc7XzE,1300000000
1510412480000,1J37CY8hcdUXQ1KfBhMCsUVafa8XjDsdCn,3P34cwyF5QaYGvVHUpX6yEZihxb3pQpZrZ,25000000
1510412480000,1J37CY8hcdUXQ1KfBhMCsUVafa8XjDsdCn,15jrTV3gDNYknLp4yZwxx5jskQNiv75csp,5000000
1510412480000,1J37CY8hcdUXQ1KfBhMCsUVafa8XjDsdCn,196Q391xpGgdM6M73gtDZz518H6wVWzstc,714535
1510412480000,1J37CY8hcdUXQ1KfBhMCsUVafa8XjDsdCn,12Z6gcozcvp1t4jN6EEfCbWEnu7GQuiaSu,26140988
1510412480000,1J37CY8hcdUXQ1KfBhMCsUVafa8XjDsdCn,1HKXZiJmXHxAfpfU4sjmgQgdhgAyT89htw,20383000
1510412480000,1J37CY8hcdUXQ1KfBhMCsUVafa8XjDsdCn,1MQ6C6fzpaYb3RdFNMMcVbG7y3NtXQ1vgS,15008135
1510412480000,1J37CY8hcdUXQ1KfBhMCsUVafa8XjDsdCn,1DyBLTrnCcGmNqSUcqyUnWq8YQRBweVV7i,15703856
1510412480000,1J37CY8hcdUXQ1KfBhMCsUVafa8XjDsdCn,3MdNRru2L2Ey6jrHoQMDGhtjPWXJaYKczs,147000000
1510412480000,1J37CY8hcdUXQ1KfBhMCsUVafa8XjDsdCn,3MPpC85nyEHyeqtSJ2WWt4y4hCNVgrseid,8189697
1510412480000,1J37CY8hcdUXQ1KfBhMCsUVafa8XjDsdCn,3BeLY5uu5pLGun4g99Sp9iQuNw6ccFUt5E,720834558
1510412480000,1J37CY8hcdUXQ1KfBhMCsUVafa8XjDsdCn,12Z6gcozcvp1t4jN6EEfCbWEnu7GQuiaSu,66245151
1510412480000,1J37CY8hcdUXQ1KfBhMCsUVafa8XjDsdCn,1DTiKsohiL3FehXrmGKR5nDv45HmAsK5oC,590000
1510412480000,1J37CY8hcdUXQ1KfBhMCsUVafa8XjDsdCn,112abPKSYFuSQfUQ4NrFAcFogt8hRCj9nN,1000000
1496019136000,1J37CY8hcdUXQ1KfBhMCsUVafa8XjDsdCn,12EnqwfoXfs6YaPnJAMJVZbbxAMAmyn717,10000000
1496019136000,1J37CY8hcdUXQ1KfBhMCsUVafa8XjDsdCn,1JJz4pGJqCjyXQG96M3P1T2g1diJi8yEKx,33000000
1512483680000,1J37CY8hcdUXQ1KfBhMCsUVafa8XjDsdCn,16gTvmjD6dPUxVCnk41iqb6qpPRNvd7KyC,1918007
1512483680000,1J37CY8hcdUXQ1KfBhMCsUVafa8XjDsdCn,1Eo7CytykqAAkUrWwxcAABRXXaJwJyt7yH,8709760
1512483680000,1J37CY8hcdUXQ1KfBhMCsUVafa8XjDsdCn,1GdympjB27Qi6cw7o4SEkZaXm1fJFPHwbd,2200000
1512483680000,1J37CY8hcdUXQ1KfBhMCsUVafa8XjDsdCn,1Hc3XW93QXrSAuLs3i1zoJq2nz1xkZVoRx,4896671
1512483680000,1J37CY8hcdUXQ1KfBhMCsUVafa8XjDsdCn,1Ko4irBLANSGbgecc8QUmbC8cpqgXUzx6N,1868389
1512483680000,1J37CY8hcdUXQ1KfBhMCsUVafa8XjDsdCn,1HzYbthrkNWg2LR1kgAxySYnwG1f5wPq7Y,49764736
1512483680000,1J37CY8hcdUXQ1KfBhMCsUVafa8XjDsdCn,13xTvgPnE6pXVm1HwrW32rfWJA8p4Y6LJS,2259940
1512483680000,1J37CY8hcdUXQ1KfBhMCsUVafa8XjDsdCn,1CCRfbHWpGXhBK726yWRwYWjRqVZgBz6mq,4230114
1512483680000,1J37CY8hcdUXQ1KfBhMCsUVafa8XjDsdCn,18efmmqRT2pzaTpJQBQEPurHzPe55pAchf,4250000
1512483680000,1J37CY8hcdUXQ1KfBhMCsUVafa8XjDsdCn,17nPmcnT1aoq7qrVAbMKzn6yW4SHwUGi8i,2060968
1512483680000,1J37CY8hcdUXQ1KfBhMCsUVafa8XjDsdCn,1Mr4RCn5e3czckyk2QRMNumr7ixKh7T7vK,9986223
1512483680000,1J37CY8hcdUXQ1KfBhMCsUVafa8XjDsdCn,1P4L7ZdPruF4aMNAaFC64jgLyY2Qiz18UQ,5717673
1512483680000,1J37CY8hcdUXQ1KfBhMCsUVafa8XjDsdCn,1PCSM6t5qmT8hxoFGz9BK5Rb7JHbCY9qrb,433730
1512483680000,1J37CY8hcdUXQ1KfBhMCsUVafa8XjDsdCn,1FAg77ryTLWAibmXAP7eBekLr3GzX3XAhY,8500000
1512483680000,1J37CY8hcdUXQ1KfBhMCsUVafa8XjDsdCn,1MhEqgtfmdfkybK4nSmyE6BLrPMJSyiyGB,1268773
1512483680000,1J37CY8hcdUXQ1KfBhMCsUVafa8XjDsdCn,1HzYbthrkNWg2LR1kgAxySYnwG1f5wPq7Y,1000000
1512483680000,1J37CY8hcdUXQ1KfBhMCsUVafa8XjDsdCn,1fZHviUBiCuyNKGrhShNBrseN6Y8VyfTA,4230000
1512483680000,1J37CY8hcdUXQ1KfBhMCsUVafa8XjDsdCn,1KhdZiyTHrYskXux9FQdghqARqVdaByg2q,92806427
1512483680000,1J37CY8hcdUXQ1KfBhMCsUVafa8XjDsdCn,1MTozos9av2DLgCqEf6GK71hLwSE1BV7YP,5318906
1512483680000,1J37CY8hcdUXQ1KfBhMCsUVafa8XjDsdCn,3HEZk338nTrH8DgGoFhKMQsWHaupwBcCoD,1267000
1509280608000,1J37CY8hcdUXQ1KfBhMCsUVafa8XjDsdCn,1B4CXLEpN1eQB1ATWaaeC9WH39tPaBir9K,10000000
1509280608000,1J37CY8hcdUXQ1KfBhMCsUVafa8XjDsdCn,19fTDMEwKNMaSCymu969uYTtRhyinKXSWn,30484879
1509280608000,1J37CY8hcdUXQ1KfBhMCsUVafa8XjDsdCn,1DWJr8rrHGzNyz5SaMi3FYHsseGpRn71gR,3042760
1509280608000,1J37CY8hcdUXQ1KfBhMCsUVafa8XjDsdCn,1HSaoh87kAgbNL4XghCNJ61K6ghcwx2r43,250500
1509280608000,1J37CY8hcdUXQ1KfBhMCsUVafa8XjDsdCn,1HjSL5e1ZgYPfZftqTtMuP5U8jfVDNadc,450400000
1508731744000,1J37CY8hcdUXQ1KfBhMCsUVafa8XjDsdCn,1MxgfLEVqxDwuu57xUqqTYAKcNujKvmPQo,11880000
1508731744000,1J37CY8hcdUXQ1KfBhMCsUVafa8XjDsdCn,1L5ToHcVuhN285LKDcnyooRr4S8Hu634KZ,3344000
1508731744000,1J37CY8hcdUXQ1KfBhMCsUVafa8XjDsdCn,3KruDjFrXB1SqJ8P36LKQ5mqzV7ngKTw61,39623510
1508731744000,1J37CY8hcdUXQ1KfBhMCsUVafa8XjDsdCn,19wEFc6kxAK5EqCZM7iKr9dVbYfFHmHhkT,250004487
1455549280000,1J37CY8hcdUXQ1KfBhMCsUVafa8XjDsdCn,19FxELQQgdG3RnqG9jGbJ6jhyjBhYxUDvi,351802765
1510697824000,1J37CY8hcdUXQ1KfBhMCsUVafa8XjDsdCn,12x39qFq3yW9Ac9s4ocbB66cenCV8B5ZwH,3000000
1510697824000,1J37CY8hcdUXQ1KfBhMCsUVafa8XjDsdCn,1Amaw9XrQTt2Hc2D87tpPD28erPTJVfhDP,7700000
1511033696000,1J37CY8hcdUXQ1KfBhMCsUVafa8XjDsdCn,12E8rangEPvdR7FUD78iTonJT9TUCCk6gh,2600000
1511033696000,1J37CY8hcdUXQ1KfBhMCsUVafa8XjDsdCn,1SNEyAS9eqCqt5fkws3ZbatCeaVcm2ZcA,1300000
1511033696000,1J37CY8hcdUXQ1KfBhMCsUVafa8XjDsdCn,1H2pgbbSzHeB4UHsRRvtGkVEPPvyWEfWwb,1000000
1511033696000,1J37CY8hcdUXQ1KfBhMCsUVafa8XjDsdCn,19Vf1hVaTAS11EqbRWF8n2vzRENfGkBA4G,87786634
1511033696000,1J37CY8hcdUXQ1KfBhMCsUVafa8XjDsdCn,3MHfVA4ivDFDSKzyA79xcZgA3AAAntDq1w,20373182
1511033696000,1J37CY8hcdUXQ1KfBhMCsUVafa8XjDsdCn,1GVmrYM2RYX4oEb9WttgHwwT3VRDGnLWP,700000
1511033696000,1J37CY8hcdUXQ1KfBhMCsUVafa8XjDsdCn,1GLDERg7uLUeqkh4Ly1csw7mFSbDEB1HFm,638970
1511033696000,1J37CY8hcdUXQ1KfBhMCsUVafa8XjDsdCn,1CSzSvNwT3fjYyztKwTCJqoCkYUi3EMQ1P,2580645
1511033696000,1J37CY8hcdUXQ1KfBhMCsUVafa8XjDsdCn,1666U1h5vqApWs6qUcF8PZYpJea3Y3o5tz,30235739
1511033696000,1J37CY8hcdUXQ1KfBhMCsUVafa8XjDsdCn,1NGhNyJBcs6AQZwcru8ytiNjnCHj1Cp1qW,2020000
1511033696000,1J37CY8hcdUXQ1KfBhMCsUVafa8XjDsdCn,14Z19ToHRbYUXyBjGQ664Ck8uwatW3v5Y9,12500000
1511033696000,1J37CY8hcdUXQ1KfBhMCsUVafa8XjDsdCn,3NBtbCGRqWAHSk1ACQbFqd7YnQciUuKnA1,987675
1511033696000,1J37CY8hcdUXQ1KfBhMCsUVafa8XjDsdCn,3KKJHPX7UwmzMWRH8Re6y9XwmNgVRuL3jM,656504
1511033696000,1J37CY8hcdUXQ1KfBhMCsUVafa8XjDsdCn,1HL6CPaMTEDnYhdwzauK8GcaujjZwnQdxQ,28460552
1511033696000,1J37CY8hcdUXQ1KfBhMCsUVafa8XjDsdCn,1HiPYRfqmGHHL7DcZ6mJD5PeW93c3ZjCsJ,400000
1511033696000,1J37CY8hcdUXQ1KfBhMCsUVafa8XjDsdCn,1MhsY5xTwVTZdCV9jHpY4jMzyBYLq98kbw,6449100
1511033696000,1J37CY8hcdUXQ1KfBhMCsUVafa8XjDsdCn,1Ne1V6Qp15BGGqcyBSxEL2Gc7dvv9ZXPtt,1000000
1511033696000,1J37CY8hcdUXQ1KfBhMCsUVafa8XjDsdCn,15yL4rz26ottey9dE7mAHpdooGPbbQfRvM,28997951
1511033696000,1J37CY8hcdUXQ1KfBhMCsUVafa8XjDsdCn,166Qe4UNpRRwFP3BsP8kbBRx8R5Eqcjm8J,381607
1511033696000,1J37CY8hcdUXQ1KfBhMCsUVafa8XjDsdCn,3F6WVguQXvRDeuJFFxMrwYRRf6fuhiXNzC,360700
1511033696000,1J37CY8hcdUXQ1KfBhMCsUVafa8XjDsdCn,1PZRC73CqXy2tvHgRXc3TLsTs6JD29ZUzb,56000000
1511033696000,1J37CY8hcdUXQ1KfBhMCsUVafa8XjDsdCn,3LGm66V3D7WsACfEoWR6bYvbWUYMg3TNaa,2577319
1511033696000,1J37CY8hcdUXQ1KfBhMCsUVafa8XjDsdCn,18VScASdru9KYA2uQSBzKrVkkv9t6GHEAx,6794959
1511033696000,1J37CY8hcdUXQ1KfBhMCsUVafa8XjDsdCn,1H2pgbbSzHeB4UHsRRvtGkVEPPvyWEfWwb,11740000
1511033696000,1J37CY8hcdUXQ1KfBhMCsUVafa8XjDsdCn,3Qq9N8SDpaKxmEQaGnKBYUrbHcTaRCEiNS,360700
1511033696000,1J37CY8hcdUXQ1KfBhMCsUVafa8XjDsdCn,1HXX3LMNKkxDVXCAzWZiH5iB59Fteso7Hi,3243718
1510303232000,1J37CY8hcdUXQ1KfBhMCsUVafa8XjDsdCn,181B16kdXcGT4SrKxtyehVN1GLz7a1yeXe,200000000
1510303232000,1J37CY8hcdUXQ1KfBhMCsUVafa8XjDsdCn,18ZzmFgfUTQgPPmqZ3WpHLazVeX8XQE8vd,8377622
1510303232000,1J37CY8hcdUXQ1KfBhMCsUVafa8XjDsdCn,388nnVBp1TxFU7jKjS6HnUhkfVDvjR4Ksu,100000000
1510303232000,1J37CY8hcdUXQ1KfBhMCsUVafa8XjDsdCn,1NqNFuZ4NJMwWQJC8VVV6H2ecSSbRbngDK,47510001
1510303232000,1J37CY8hcdUXQ1KfBhMCsUVafa8XjDsdCn,3FK6qDYWU7z2gDKL6X92Ux2xzoHJV6P7Mb,6900000
1510303232000,1J37CY8hcdUXQ1KfBhMCsUVafa8XjDsdCn,17921UAK46CYHB51LDZ6ZTB39KR6XQXQHH,3483550
1510303232000,1J37CY8hcdUXQ1KfBhMCsUVafa8XjDsdCn,1Nr7Km8PYwA1eWW3nnmwLhqApboMvnJHy2,100000000
1510303232000,1J37CY8hcdUXQ1KfBhMCsUVafa8XjDsdCn,19N7Y9NwBn1hBeMLLSfVkXDDhtmv5fiXDs,278400000
1510303232000,1J37CY8hcdUXQ1KfBhMCsUVafa8XjDsdCn,3E7aiGNF8yEARVrUuu8sujsTiQZpM8Mn2R,3468159
1510303232000,1J37CY8hcdUXQ1KfBhMCsUVafa8XjDsdCn,38fuSLiQCZajVoZ6fLpunNCmiEnDTKno7c,133790000
1510303232000,1J37CY8hcdUXQ1KfBhMCsUVafa8XjDsdCn,1CvoncozoqMpvyTsSDQ55cFsZTmtCDM4Xn,100000000
1501513216000,1J37CY8hcdUXQ1KfBhMCsUVafa8XjDsdCn,1LYdh98gBWYiAB7e2WSH8Kf8bYWjGL5zZg,600000000
1501513216000,1J37CY8hcdUXQ1KfBhMCsUVafa8XjDsdCn,1MPTPGiBoHWLGLGfQD3hdhwkrMfJXXMb8G,305272698
1486112256000,1LSgEKji3ZoGdvzBgkcJMej74iBd38fySb,1F1By3gwFrUPtvRUnhg2SSZxx5PvjwZFqB,1002761
1486112256000,1LSgEKji3ZoGdvzBgkcJMej74iBd38fySb,1FrGo2fkdFZH8yzRDLoD6sicN14zRWqEgw,988966
1486112256000,1LSgEKji3ZoGdvzBgkcJMej74iBd38fySb,17YGpvVK7iYsSunbjf6iAMyqESff9D4yMy,2395230000
1486112256000,1LSgEKji3ZoGdvzBgkcJMej74iBd38fySb,1Bqv4wXkf4aEZq3V6Pm8aFiJD9yTwDXYAJ,231600000
1516832256000,1J37CY8hcdUXQ1KfBhMCsUVafa8XjDsdCn,15YSuRjNkTuiYobAGebSFdPnHBzUi7ggiu,4460000
1516832256000,1J37CY8hcdUXQ1KfBhMCsUVafa8XjDsdCn,3D92Rzn2aHEkFMtbMM8iEzepv31kMXm7w5,10000000
1516832256000,1J37CY8hcdUXQ1KfBhMCsUVafa8XjDsdCn,13NHFDhWpYdsUbHWFPs526DAk54jj3hPRt,4466192
1516832256000,1J37CY8hcdUXQ1KfBhMCsUVafa8XjDsdCn,1PCvT3ZxNNhyaSkb3k5dQXNLkCzWMmQtvQ,9530789
1516832256000,1J37CY8hcdUXQ1KfBhMCsUVafa8XjDsdCn,3MZC7XhpwdE6YPiqBvWz7guLbsART3juQq,201114254
1516832256000,1J37CY8hcdUXQ1KfBhMCsUVafa8XjDsdCn,1HYgMsmjA8dWnaGQprsQbKtCb9jpeZyuXf,27517514
1516832256000,1J37CY8hcdUXQ1KfBhMCsUVafa8XjDsdCn,1DTwCV25hpp8VxGRggeLWK5FqWWHT8ku6C,10225464
1516832256000,1J37CY8hcdUXQ1KfBhMCsUVafa8XjDsdCn,18jyBBp14WWctTsVGsfYU7ZnaS9SnLoske,2500000
1516832256000,1J37CY8hcdUXQ1KfBhMCsUVafa8XjDsdCn,1FTnjMGPgkS26y4BxW1LYRVq5kfjeTZt3X,8495002
1516832256000,1J37CY8hcdUXQ1KfBhMCsUVafa8XjDsdCn,1J6hFM9Asen7GS3dx6oqXP5EnAQb3iVSWS,4780000
1516832256000,1J37CY8hcdUXQ1KfBhMCsUVafa8XjDsdCn,3M42WdCr8fwuBx59VemW4yyoKq5HYe9YkQ,16700000
1516832256000,1J37CY8hcdUXQ1KfBhMCsUVafa8XjDsdCn,19SBjmm3Rc2k7hW7bYuatJ5n8Pfo1kMVqb,834436
1516832256000,1J37CY8hcdUXQ1KfBhMCsUVafa8XjDsdCn,12fAA2dEy8UwWRutotU19RaoLxJ8iPFask,166860765
1516832256000,1J37CY8hcdUXQ1KfBhMCsUVafa8XjDsdCn,12U2vqniDGarjXRg6CiUdbBUPxa4vnYGr9,4289928
1488496128000,1J37CY8hcdUXQ1KfBhMCsUVafa8XjDsdCn,1L8DkDYVL7iuwNyoXv4wto917hE4Jiu4im,545932947
1475511808000,1J37CY8hcdUXQ1KfBhMCsUVafa8XjDsdCn,1GfGQWtMbSD5jjfp2jSGuzSHrKWReh9zC1,3259876246
1478215168000,1J37CY8hcdUXQ1KfBhMCsUVafa8XjDsdCn,16TAghJAbYZsvTSqerZsxyWEgtv4VufDsc,213000000
1478215168000,1J37CY8hcdUXQ1KfBhMCsUVafa8XjDsdCn,17Ap35yKbc2wi2NUu1yH5VPUNkaikhgjJX,100000000
1478215168000,1J37CY8hcdUXQ1KfBhMCsUVafa8XjDsdCn,14D2uiSwzefvkkQyt829PH6ainQxYF4ncw,357095513
1478215168000,1J37CY8hcdUXQ1KfBhMCsUVafa8XjDsdCn,1FRVhdRWgfUSYdDi1hJZ2JYu5iHEA1NJwg,25000000
1451591168000,1J37CY8hcdUXQ1KfBhMCsUVafa8XjDsdCn,1JmpfLwp7D694JQxMY1K6e4QELsAKyfTMW,100000000
1504962048000,1J37CY8hcdUXQ1KfBhMCsUVafa8XjDsdCn,1NiafeuQVizm5rnqwRd7z9WWbDUiQ96Lhv,22960583
1517192704000,1J37CY8hcdUXQ1KfBhMCsUVafa8XjDsdCn,32aHLhbZxQAQ3ET1oATGPh3cHLw2TYjfLb,10000000
1517192704000,1J37CY8hcdUXQ1KfBhMCsUVafa8XjDsdCn,16zYfn1e4DRSGA1xQxMDBGZttrSRmX4LLu,1500000
1517192704000,1J37CY8hcdUXQ1KfBhMCsUVafa8XjDsdCn,3DZXep5HL46zYvXLBz9M9sMScGSfP3HjvL,500200000
1297868288000,1MCwBbhNGp5hRm5rC1Aims2YFRe2SXPYKt,1QFkGsW7pjtCvB7BpHwmerpcZC1ypoV21P,4500000000
1490454016000,1J37CY8hcdUXQ1KfBhMCsUVafa8XjDsdCn,1BkCncgt7X2MhsoTGCmiXfnH6J6SaSKFSx,2400000
1490454016000,1J37CY8hcdUXQ1KfBhMCsUVafa8XjDsdCn,1KYJkY4iVMY4LLmvdQ377EE9ttYi4eAe97,16162839
1490454016000,1J37CY8hcdUXQ1KfBhMCsUVafa8XjDsdCn,17pjiBiUxuWMGc3wBe2FPZp2PiENXidg8h,500000000
1490454016000,1J37CY8hcdUXQ1KfBhMCsUVafa8XjDsdCn,182tho6ebUYzBHLp7sXWZz2FG8CciDzgPo,319000000
1509933216000,1J37CY8hcdUXQ1KfBhMCsUVafa8XjDsdCn,1NZp9HT8bdP21KmWhPpvbU5xoryTwyWaLG,1000000
1509933216000,1J37CY8hcdUXQ1KfBhMCsUVafa8XjDsdCn,12YABmVzAH2GnnirkJ9yffHtVZsiy8bSP6,3267000000
1509933216000,1J37CY8hcdUXQ1KfBhMCsUVafa8XjDsdCn,1GXW3kZfEJPZKUKsMEJZtFiKqtXGdJmcJA,6756756
1509933216000,1J37CY8hcdUXQ1KfBhMCsUVafa8XjDsdCn,33E3FU14mDDVMgkChHp4dLvHmYxWpvt535,1450000
1501175968000,1J37CY8hcdUXQ1KfBhMCsUVafa8XjDsdCn,16M6fFLHXy5fU4DXLgnZNYwbGrsCvNArqP,450000000
1501175968000,1J37CY8hcdUXQ1KfBhMCsUVafa8XjDsdCn,1KPvd6PU1RbjPuBv6cuXswtA2qz52jKNQC,193882801
1501175968000,1J37CY8hcdUXQ1KfBhMCsUVafa8XjDsdCn,1CjCBhHwLv1zYxd5AGt14EtoYTv4qsnFhr,20090000
1501175968000,1J37CY8hcdUXQ1KfBhMCsUVafa8XjDsdCn,1N1L6h3Vq7veTQw2GLoh3ZaCkpDdMcuzrj,5470000
1501175968000,1J37CY8hcdUXQ1KfBhMCsUVafa8XjDsdCn,1BZPBB19DQSt94SHLTotw7EH9uSGugDcwB,556666116
1501175968000,1J37CY8hcdUXQ1KfBhMCsUVafa8XjDsdCn,19CtkdVtHspzppeZEuFL1jjUVdUyHPGjXQ,25000000
1501175968000,1J37CY8hcdUXQ1KfBhMCsUVafa8XjDsdCn,1G7oLdf4GjkNBEd3jNbFDFq2NaV9nKXXr6,57695537
1501175968000,1J37CY8hcdUXQ1KfBhMCsUVafa8XjDsdCn,1656R7gkiDewMDFs7rh6zcYY4R3K6FWeTC,390500
1501175968000,1J37CY8hcdUXQ1KfBhMCsUVafa8XjDsdCn,1MX2JiMVgaRTG4FPki6aJsP3yepZ2teK7B,302280528
1501175968000,1J37CY8hcdUXQ1KfBhMCsUVafa8XjDsdCn,1LCEVPwrKPYKKJVHkNtQnb4LhFQBsqmxhg,588171
1489485984000,1J37CY8hcdUXQ1KfBhMCsUVafa8XjDsdCn,1Du2i36kuuCh51bDnCmTG5a5BywMgRauX7,7900000
1489485984000,1J37CY8hcdUXQ1KfBhMCsUVafa8XjDsdCn,14de8ucXRC6VsZy6xjk6uVtTmE8nrfdhcY,32500000
1489485984000,1LSgEKji3ZoGdvzBgkcJMej74iBd38fySb,16TS7DbSZhQ8rQUXgidE3AETFcw5k9tXbY,1000093
1489485984000,1LSgEKji3ZoGdvzBgkcJMej74iBd38fySb,17YGpvVK7iYsSunbjf6iAMyqESff9D4yMy,3193600000
1500946592000,1J37CY8hcdUXQ1KfBhMCsUVafa8XjDsdCn,1KxDpVrMmJH1Ld9qnB3xwStaU5VqJmBMw7,200000000
1500946592000,1J37CY8hcdUXQ1KfBhMCsUVafa8XjDsdCn,13LBnnorq4ZCVgbZXDQDX5VZ7XAJiEsEZG,2000000
1500946592000,1J37CY8hcdUXQ1KfBhMCsUVafa8XjDsdCn,16My9L8hpNqRDnLSUC4ZmpHTDmBQo6PxxA,5000000000
1500946592000,1J37CY8hcdUXQ1KfBhMCsUVafa8XjDsdCn,1PQJCc9i1hUVsTkkgqna2fzZraLrK3V2Qi,205000
1500946592000,1J37CY8hcdUXQ1KfBhMCsUVafa8XjDsdCn,3B1TeENEhJnaf7rX8CrX6jBuJZHEnH9MGy,6627012
1504673952000,1J37CY8hcdUXQ1KfBhMCsUVafa8XjDsdCn,1NYiHixDSWVANkgignnVqRGi7wJuRC9H5G,483160000
1504673952000,1J37CY8hcdUXQ1KfBhMCsUVafa8XjDsdCn,38zvnb3bPMsEuccL7r5qfrDnha6Zkg9hYA,91790000
1504673952000,1J37CY8hcdUXQ1KfBhMCsUVafa8XjDsdCn,17nv4PUmy4RUwqx9yZNKhf3HHeE8W9dgdM,451359
1504673952000,1J37CY8hcdUXQ1KfBhMCsUVafa8XjDsdCn,18XEXAuDTvjmw87g46QvYjrVJ1VaJUwft5,35095211
1504673952000,1J37CY8hcdUXQ1KfBhMCsUVafa8XjDsdCn,1E6WfTbMbNHgbZRZzD3DEvuTtX2M4h4M2H,111020566
1504673952000,1J37CY8hcdUXQ1KfBhMCsUVafa8XjDsdCn,196fAc85co6SGPp7ogqentGZabTjsfG4R4,44490000
1493483680000,1J37CY8hcdUXQ1KfBhMCsUVafa8XjDsdCn,1Em28Tg29Ax2s3pYPMEEN6RLxth2b6eLNP,315955000
1493483680000,1J37CY8hcdUXQ1KfBhMCsUVafa8XjDsdCn,1Em28Tg29Ax2s3pYPMEEN6RLxth2b6eLNP,1263820000
1493483680000,1J37CY8hcdUXQ1KfBhMCsUVafa8XjDsdCn,1E6WfTbMbNHgbZRZzD3DEvuTtX2M4h4M2H,200000000
1493483680000,1J37CY8hcdUXQ1KfBhMCsUVafa8XjDsdCn,19u7nac6hoqTVYoGTMfUyUAhqkrhtG37T7,200000000
1493483680000,1J37CY8hcdUXQ1KfBhMCsUVafa8XjDsdCn,1Em28Tg29Ax2s3pYPMEEN6RLxth2b6eLNP,631911000
1493483680000,1J37CY8hcdUXQ1KfBhMCsUVafa8XjDsdCn,1Em28Tg29Ax2s3pYPMEEN6RLxth2b6eLNP,157978000
1488068768000,1J37CY8hcdUXQ1KfBhMCsUVafa8XjDsdCn,17nKg5hBxQ2K9PxDwwsndzkvEeaNDpfM8k,64075921
1488068768000,1J37CY8hcdUXQ1KfBhMCsUVafa8XjDsdCn,1Em28Tg29Ax2s3pYPMEEN6RLxth2b6eLNP,303193000
1516708000000,1J37CY8hcdUXQ1KfBhMCsUVafa8XjDsdCn,3CRmgeCgUyKDoutTYiFXw4ruz2tMXsxiDs,10000000
1516708000000,1J37CY8hcdUXQ1KfBhMCsUVafa8XjDsdCn,1M7B5nrbzocghRrUnvNx8QxC5EW9MZahVG,20000000
1516708000000,1J37CY8hcdUXQ1KfBhMCsUVafa8XjDsdCn,1CWzzZU4MxCBfTgjFUnFNums2t6qxATFcN,74090794
1516708000000,1J37CY8hcdUXQ1KfBhMCsUVafa8XjDsdCn,1De1in4qspPJmz2XkhbqfPrG1ui3pCZKxY,6405870
1516708000000,1J37CY8hcdUXQ1KfBhMCsUVafa8XjDsdCn,17DxbNp6UPvxTSMnfN7RfvGmUZURLZyJK9,1240000
1516708000000,1J37CY8hcdUXQ1KfBhMCsUVafa8XjDsdCn,19N7Y9NwBn1hBeMLLSfVkXDDhtmv5fiXDs,344500000
1516708000000,1J37CY8hcdUXQ1KfBhMCsUVafa8XjDsdCn,1HbZY2KTGy5dKfEr7eqgiyKCdaCBByA5gq,3000000
1516708000000,1J37CY8hcdUXQ1KfBhMCsUVafa8XjDsdCn,3DQabsBiU1CuTneoSVNA1PgXn8TP5ArmC4,300000000
1516708000000,1J37CY8hcdUXQ1KfBhMCsUVafa8XjDsdCn,17wk4BmCVAmT8GqD7JY5Q2YNBYZQubP68s,49000000
1516708000000,1J37CY8hcdUXQ1KfBhMCsUVafa8XjDsdCn,1L1bYPLiopQrfy7JQEY44ZzvoFaQzBpJhE,2972704
1516708000000,1J37CY8hcdUXQ1KfBhMCsUVafa8XjDsdCn,16U92WbR3DxgJtGHN2CmwMLN2YbooxANNr,264097
1516708000000,1J37CY8hcdUXQ1KfBhMCsUVafa8XjDsdCn,35PFR6CGVSxQPWrMYhYCDxZje5nuNeYvDp,100000000
1516708000000,1J37CY8hcdUXQ1KfBhMCsUVafa8XjDsdCn,3L6Xtj4CqTV98FLKotARvJaZy9A2uUiBM4,18505000
1516708000000,1J37CY8hcdUXQ1KfBhMCsUVafa8XjDsdCn,1Ae3yfccW7zN5HGd79n7AfMLwgY22n65pD,1771428
1516708000000,1J37CY8hcdUXQ1KfBhMCsUVafa8XjDsdCn,1JLsVSYPUbQEjJxySh4Ez1HFwbCpgaMhad,50133663
1516708000000,1J37CY8hcdUXQ1KfBhMCsUVafa8XjDsdCn,1CrUCZyG33gyXBNPUTSo9trYTqWdKuGccg,95002137
1516708000000,1J37CY8hcdUXQ1KfBhMCsUVafa8XjDsdCn,1GpjNj35qN2m7d1zpWSQ7NryHGYGq9hwMP,29261674
1516708000000,1J37CY8hcdUXQ1KfBhMCsUVafa8XjDsdCn,1De1in4qspPJmz2XkhbqfPrG1ui3pCZKxY,3862737
1516708000000,1J37CY8hcdUXQ1KfBhMCsUVafa8XjDsdCn,1FR2thFwKUwiyqG1gXLqQaSd9G435AnJNR,100000000
1484177568000,1J37CY8hcdUXQ1KfBhMCsUVafa8XjDsdCn,35cPR7DthrZ4DsnXS9Qqu26UGZ2bfDMNiS,2500000000
1484177568000,1J37CY8hcdUXQ1KfBhMCsUVafa8XjDsdCn,17oiea9a6GnZ8n6vAcqmM7hQmJKhom3jUL,100000000
1482031264000,1J37CY8hcdUXQ1KfBhMCsUVafa8XjDsdCn,1Af4kqcMhqLHfckzb2cWPisWFRYdQSgvby,50000000
1486396224000,1J37CY8hcdUXQ1KfBhMCsUVafa8XjDsdCn,1HPpCRgEPZZWhzgseaPvihWuJjXJKMraCz,940000000
1486396224000,1J37CY8hcdUXQ1KfBhMCsUVafa8XjDsdCn,1GvL9AvKcXpygWpeZczpLPAEk4SZ4Pga2A,1045297
1309129536000,15VjRaDX9zpbA8LVnbrCAFzrVzN7ixHNsC,1BvxZboVtpQTP1Q52CX7fFD2pduHCY7hM2,1850000
1309129536000,15VjRaDX9zpbA8LVnbrCAFzrVzN7ixHNsC,177FcqR61y4WYsKqpTFvX9MYPieYWW4dQy,650000
1309129536000,15VjRaDX9zpbA8LVnbrCAFzrVzN7ixHNsC,1NyN6tr86z2JdVCsu9BN67KBph6bVmdJib,100000
1309129536000,15VjRaDX9zpbA8LVnbrCAFzrVzN7ixHNsC,15Jjs91J8HNc64pCL2DVmCqj3JocM8oFtK,100000
1309129536000,15VjRaDX9zpbA8LVnbrCAFzrVzN7ixHNsC,15JURJLhjqPb8pRPCq2cAMP76ZQwv1PKcH,100000
1309129536000,15VjRaDX9zpbA8LVnbrCAFzrVzN7ixHNsC,1E21KRweNKea39q4mXY7wjY6f8FWp42bm9,100000
1495038784000,1J37CY8hcdUXQ1KfBhMCsUVafa8XjDsdCn,1Bp3jRyty8vLm1UBjRnnrEaaKp1wqeo7Do,314760000
1495038784000,1J37CY8hcdUXQ1KfBhMCsUVafa8XjDsdCn,18CibBK5bfq7toDL4DuxtPSoeemT9dX9MQ,23000000
1495038784000,1J37CY8hcdUXQ1KfBhMCsUVafa8XjDsdCn,1FHPFdss81U3WfkEiScfZTkkgYXapDtci4,110000000
1495038784000,1J37CY8hcdUXQ1KfBhMCsUVafa8XjDsdCn,1HpEaEUwvcoKF6zdCumxDg1ujk9cyUJRSJ,31688750
1495038784000,1J37CY8hcdUXQ1KfBhMCsUVafa8XjDsdCn,1KJQnvZtR8KjV59VwpvtzED36jgA7g2Mtx,136354796
1495038784000,1J37CY8hcdUXQ1KfBhMCsUVafa8XjDsdCn,1LaFidXL8GVhsU8Z9qTp6LCuU28igB71Pg,500000000
1502640960000,1J37CY8hcdUXQ1KfBhMCsUVafa8XjDsdCn,1KghfPamVkPwsrmCeNituxbbw8KaqSMQbW,7352597
1503853376000,1J37CY8hcdUXQ1KfBhMCsUVafa8XjDsdCn,1MwKH7NhPTyTrxKsUrQrzxxMen3tHHLZPm,32100000
1503853376000,1J37CY8hcdUXQ1KfBhMCsUVafa8XjDsdCn,1Em28Tg29Ax2s3pYPMEEN6RLxth2b6eLNP,356428000
1503853376000,1J37CY8hcdUXQ1KfBhMCsUVafa8XjDsdCn,1JcNoboay9EkCX4ucYoJWFsHLc9TLMeRgK,45409633
1298283328000,1MCwBbhNGp5hRm5rC1Aims2YFRe2SXPYKt,1KPUwDwrJtvseu41UwSr1oABojEF7Amrre,14000000
1298283328000,1MCwBbhNGp5hRm5rC1Aims2YFRe2SXPYKt,1N1pF6fLKAGg4nH7XuqYQbKYXNxCnHBWLB,100000000
1500232512000,1J37CY8hcdUXQ1KfBhMCsUVafa8XjDsdCn,1MrqQopm7EsF7xCorNQAZNBdLX1LCuDejx,19791712
1292884800000,1MCwBbhNGp5hRm5rC1Aims2YFRe2SXPYKt,1JWjxN88qb6Gp42aqXzMrrryr3KoTQmgDP,14000000
1468577248000,1J37CY8hcdUXQ1KfBhMCsUVafa8XjDsdCn,1DmVEyMvH66H7GEkbQpuNMW9hr1KEKprJy,100000000
1501427168000,1J37CY8hcdUXQ1KfBhMCsUVafa8XjDsdCn,3CVJRKb4wFSGjPGz1JWeEGjwkaJ1LGL5xR,7374000
1501427168000,1J37CY8hcdUXQ1KfBhMCsUVafa8XjDsdCn,3LkEw8S6n88oLUCuNRXREJVMg55PfReuVR,105000000
1501427168000,1J37CY8hcdUXQ1KfBhMCsUVafa8XjDsdCn,1QGMqUazyjrJHeqjUqzG6LFHJztXZgAQU6,21198791
1274369504000,1MLh2UVHgonJY4ZtsakoXtkcXDJ2EPU6RY,18NJ1NWoZd9RGrWYpmU6A7BgQddz7oT1bk,100000000
1489204704000,1J37CY8hcdUXQ1KfBhMCsUVafa8XjDsdCn,14MFAKCNVQfFNNjbta7EJG9B4tSDY7qrL2,450000000
1489204704000,1J37CY8hcdUXQ1KfBhMCsUVafa8XjDsdCn,39JvbBUovGT6ySTFdHu1iVGFTN5EzvudRp,2139438
1489204704000,1J37CY8hcdUXQ1KfBhMCsUVafa8XjDsdCn,1FSVsRTTQwUf6tAgDzJmiqFG95NVL54R7n,7793078
1489204704000,1J37CY8hcdUXQ1KfBhMCsUVafa8XjDsdCn,1N8jamzWqMACtHvF8KcJ8YdBZz6V16R1eF,87495953
1489204704000,1J37CY8hcdUXQ1KfBhMCsUVafa8XjDsdCn,141seaBYgqkbWNXaQqomAEXhwQnVi8T5pv,30733000
1489204704000,1J37CY8hcdUXQ1KfBhMCsUVafa8XjDsdCn,1GWg7DUpztgEgY3AZh4kSMxNh6kzetVuGM,30500000
1509660128000,1J37CY8hcdUXQ1KfBhMCsUVafa8XjDsdCn,1Fecqe5gVzzpaap2LFx1bf7miXdLi3fue7,5661032
1509660128000,1J37CY8hcdUXQ1KfBhMCsUVafa8XjDsdCn,1Ji5ehGpuv1nWSLpVX5JWUETHYmLUyu1FU,15609227
1509660128000,1J37CY8hcdUXQ1KfBhMCsUVafa8XjDsdCn,1L4KHUPzw2cWBuwWdd4sQ9yQjvsre7ujHz,21264643
1509660128000,1J37CY8hcdUXQ1KfBhMCsUVafa8XjDsdCn,1F4an6tcpEdM5CyT5bcpPXN1U6o2eTy21a,5451836
1509660128000,1J37CY8hcdUXQ1KfBhMCsUVafa8XjDsdCn,1FdH42Zrk9vMLeppgRPgoZWVrjZt8atrkV,666666
1509660128000,1J37CY8hcdUXQ1KfBhMCsUVafa8XjDsdCn,1J48iCB62sgRKSL5m9EoPSRpmJnk92H7f2,704505
1509660128000,1J37CY8hcdUXQ1KfBhMCsUVafa8XjDsdCn,3BMEXWjyKH6wZjha1mfS6bk2YG8wLwb96F,1467217
1509660128000,1J37CY8hcdUXQ1KfBhMCsUVafa8XjDsdCn,1FW821tVHVix68MJ85mtpUN9t7n3Dinz39,3755933
1509660128000,1J37CY8hcdUXQ1KfBhMCsUVafa8XjDsdCn,1LnP8N5yEhGNHQDaQq1ixRgt43urcSTrjL,200000
1509660128000,1J37CY8hcdUXQ1KfBhMCsUVafa8XjDsdCn,15Y3kgx7vaWbupZTRhAeYLADnxAqNgHneU,70000000
1509660128000,1J37CY8hcdUXQ1KfBhMCsUVafa8XjDsdCn,3CSJLC1ju5quPJQPLC1RbDoSQZHz78upky,9000000
1509660128000,1J37CY8hcdUXQ1KfBhMCsUVafa8XjDsdCn,16RcNkXv6sn6QEXcQFy5NP9KUf8BhLv9Wa,42300000
1509660128000,1J37CY8hcdUXQ1KfBhMCsUVafa8XjDsdCn,1Lc2sqjw5TdYQ2EgURkJnsoKTHM5m3k5f4,30515780
1509660128000,1J37CY8hcdUXQ1KfBhMCsUVafa8XjDsdCn,13U2SpgyEf2d4CeiNkUL7cw7szzSidiRXY,9000000
1509660128000,1J37CY8hcdUXQ1KfBhMCsUVafa8XjDsdCn,1GsKXVP3rStFVoksJwVt9ZmNi8VB2ADXJa,2000000
1509660128000,1J37CY8hcdUXQ1KfBhMCsUVafa8XjDsdCn,1H5FkYxErrMz6yhNyJT58U8fh4fFEd88cG,1400000
1509660128000,1J37CY8hcdUXQ1KfBhMCsUVafa8XjDsdCn,145yVaTCrRk9YQLAqT9UoRp5E55L5FALhU,9771793
1484764640000,1J37CY8hcdUXQ1KfBhMCsUVafa8XjDsdCn,1DbTk5pTRvxUUizQAwR2CEY6QLBNgzpHDA,11388495
1484764640000,1J37CY8hcdUXQ1KfBhMCsUVafa8XjDsdCn,3MGSLfdHSh8X3NRLySDZ89ENRFXdEcLisW,1737629734
1499059680000,1J37CY8hcdUXQ1KfBhMCsUVafa8XjDsdCn,1NNwfbmqy5xLr6YBJrjCfTmkNjcZLZhQbx,610000000
1499059680000,1J37CY8hcdUXQ1KfBhMCsUVafa8XjDsdCn,32chExYEmts3RKKDCdBDgRixnt89Bu9Rhe,100000000
1499059680000,1J37CY8hcdUXQ1KfBhMCsUVafa8XjDsdCn,16wMmMKHtM4oXvNnVNof4TEpzqtKyFJ6Lf,2000000
1499059680000,1J37CY8hcdUXQ1KfBhMCsUVafa8XjDsdCn,151XgB6N6EA2J4p8iX1MQsZHAhy6n8rVfB,10000000
1499059680000,1J37CY8hcdUXQ1KfBhMCsUVafa8XjDsdCn,1FGAG8NEve6vGXt64AxCvxrmvi9ev4deNu,40000000
1499059680000,1J37CY8hcdUXQ1KfBhMCsUVafa8XjDsdCn,1FRMr6brVj5o5sLaCy9FQwvD73iJx9pSWf,17932015
1495553504000,1J37CY8hcdUXQ1KfBhMCsUVafa8XjDsdCn,1Ke3Jv67TkZ6mPutaKg2ArUvbNMXzjV1TP,50000000
1495553504000,1J37CY8hcdUXQ1KfBhMCsUVafa8XjDsdCn,18YMCccdoEWCsp7Pe22oNWpti2WVtyd7AN,5000000
1495553504000,1J37CY8hcdUXQ1KfBhMCsUVafa8XjDsdCn,1AB7uSotjW1FLJihBHqwSw8ZL6ZG2KYbJ6,7200000
1490890880000,1J37CY8hcdUXQ1KfBhMCsUVafa8XjDsdCn,1GUBk2ARKPy7Qs8jSFP4bFcfaEzUD3hHsv,3889202
1490890880000,1LSgEKji3ZoGdvzBgkcJMej74iBd38fySb,1PFnVdinJ2BngMK4GzvHiKoKKd9sSdKhXE,457853899
1490890880000,1J37CY8hcdUXQ1KfBhMCsUVafa8XjDsdCn,163wXqWu1egDuyNnWn18f9vkAitDCngEvn,17202393
1490890880000,1J37CY8hcdUXQ1KfBhMCsUVafa8XjDsdCn,1Nc5kPSaGhu4qe6Q6eUHd5pmURCMeQVuDJ,972301
1490890880000,1J37CY8hcdUXQ1KfBhMCsUVafa8XjDsdCn,1MjvMhKzPuGv6nERfwaT8BSp9rhsLgicBa,100000000
1490890880000,1J37CY8hcdUXQ1KfBhMCsUVafa8XjDsdCn,1EHWMqvmqwgtpuS1huAtzhJ7KgS4oFoesN,233550545
1490890880000,1J37CY8hcdUXQ1KfBhMCsUVafa8XjDsdCn,1DabCezBZfKBYJdMXoDSYnZdBQWS59FD8T,1000000000
1490890880000,1LSgEKji3ZoGdvzBgkcJMej74iBd38fySb,3D2oetdNuZUqQHPJmcMDDHYoqkyNVsFk9r,12090769000
1513525376000,1J37CY8hcdUXQ1KfBhMCsUVafa8XjDsdCn,1AdCLV1WAoa6Ucsijwbuf83ZF9g5TAz81X,100000000
1513525376000,1J37CY8hcdUXQ1KfBhMCsUVafa8XjDsdCn,1K2tw6t3ccuQJPKgtXQJ1y3GZaw3U5wXBB,100000000
1513525376000,1J37CY8hcdUXQ1KfBhMCsUVafa8XjDsdCn,3Aio7NwWEbmaHZ73pqAyecPa3uZqNgvxib,2246300
1513525376000,1J37CY8hcdUXQ1KfBhMCsUVafa8XjDsdCn,16UearKU7D2id8CUkFmfV4RAmaLnjTANSd,56594833
1513525376000,1J37CY8hcdUXQ1KfBhMCsUVafa8XjDsdCn,3JDFJ93oVPCjGWSMi96qNXCX8UE17kCyyk,15991380
1513525376000,1J37CY8hcdUXQ1KfBhMCsUVafa8XjDsdCn,1AuwU9FvDNHw2Uxz7VimWPcsza4N3JttRe,19944346
1503359104000,1J37CY8hcdUXQ1KfBhMCsUVafa8XjDsdCn,1K393XK4qzd57hYd22bnDYtUrJbdQye9c3,1903368
1503359104000,1J37CY8hcdUXQ1KfBhMCsUVafa8XjDsdCn,1MqQ6XvQ3AmXNmuX2HmZoHz7EWNLWkE5kV,5000000
1503359104000,1J37CY8hcdUXQ1KfBhMCsUVafa8XjDsdCn,1EyVYnz8i79uve1bMpxrp7wh8mEBfbNtdn,5000000
1503359104000,1J37CY8hcdUXQ1KfBhMCsUVafa8XjDsdCn,1Q86pHdhijcbaQTmVk4VWzRywHVR6hwF9E,10000000
1503359104000,1J37CY8hcdUXQ1KfBhMCsUVafa8XjDsdCn,15cpy7pK7bDgLj45DELvy4kCBr6xasi7fQ,7447422
1503359104000,1J37CY8hcdUXQ1KfBhMCsUVafa8XjDsdCn,1QB77pEzc8qHuVqoUFKhJ6FiTo8525MSCo,5500000
1503359104000,1J37CY8hcdUXQ1KfBhMCsUVafa8XjDsdCn,1EFyC5wujDuXg5ZKByCvEbmnjr4PzYWDcB,87765050
1503359104000,1J37CY8hcdUXQ1KfBhMCsUVafa8XjDsdCn,1P3dfn3RRgNAt5iRt6Q685dfsbyx82b1ky,2555880
1503359104000,1J37CY8hcdUXQ1KfBhMCsUVafa8XjDsdCn,1K5VoEVn6dnKcXrb7aZzhRHFeA2LwbbiFB,40000000
1503359104000,1J37CY8hcdUXQ1KfBhMCsUVafa8XjDsdCn,1NiY9VriPPVfQdyB84D787C9mahW5wkQe,14766596
1503359104000,1J37CY8hcdUXQ1KfBhMCsUVafa8XjDsdCn,19ipSewnVqw4ZgcYAA1rkPdRzSAfTPD3sL,10500000
1503359104000,1J37CY8hcdUXQ1KfBhMCsUVafa8XjDsdCn,1DERJRQa3vHFbXPfR3Tx9MsLA9SmCmYGYE,101122460
1503359104000,1J37CY8hcdUXQ1KfBhMCsUVafa8XjDsdCn,1CxZDKrquqYAXR8CtVm1yig33HFKFxaYvK,1000000
1503359104000,1J37CY8hcdUXQ1KfBhMCsUVafa8XjDsdCn,3PTRpT9HjmDCqn6KuWZ4xx46vihr17CW42,33000000
1503359104000,1J37CY8hcdUXQ1KfBhMCsUVafa8XjDsdCn,1Mb4sgXtLp5Y13mFi7GX8hJYufvSVEZEfe,165249
1503359104000,1J37CY8hcdUXQ1KfBhMCsUVafa8XjDsdCn,18Yw5DFH9HbjerEeUzVPMFHmTGVAx4Zpmk,100000000
1503359104000,1J37CY8hcdUXQ1KfBhMCsUVafa8XjDsdCn,1PMBsGaA6cCMwwvWnZRdrV7MWh5cWEsiPZ,25105000
1503359104000,1J37CY8hcdUXQ1KfBhMCsUVafa8XjDsdCn,1DE69errSdHJHCKyLeWvffutcnhnuVjeM1,18168365
1503359104000,1J37CY8hcdUXQ1KfBhMCsUVafa8XjDsdCn,1PxcnQixdt4FM7oDHeZ7wKs2XmnRwf8cD9,23000000
1465593984000,1J37CY8hcdUXQ1KfBhMCsUVafa8XjDsdCn,1v9y2evaGRPnipSksXL22XhC4voi9h6FN,1700000000
1499050112000,1J37CY8hcdUXQ1KfBhMCsUVafa8XjDsdCn,164y9cEyLiT1otVNFwHNGiLHW4VeTNHnnu,2543945
1500795008000,1J37CY8hcdUXQ1KfBhMCsUVafa8XjDsdCn,17sorQRG21JpnDFYwpQRL6tEPFqX4vJ9CQ,40354385
1500795008000,1J37CY8hcdUXQ1KfBhMCsUVafa8XjDsdCn,15nLCax7ffLuSqpo7ZjWeiJ9mzy1MV5XTt,500000
1451438208000,1J37CY8hcdUXQ1KfBhMCsUVafa8XjDsdCn,18s3tR4xqK5q67U8NQpwvrooi1BnD2KhvG,100000000
1319989376000,15VjRaDX9zpbA8LVnbrCAFzrVzN7ixHNsC,1JQo2i4dV96uHWo7Md7HVki8nQjDymSTug,500000
1319989376000,15VjRaDX9zpbA8LVnbrCAFzrVzN7ixHNsC,1CeKtkG9dsCopo4xDFujfNyjC1DaNcfcms,500000
1319989376000,15VjRaDX9zpbA8LVnbrCAFzrVzN7ixHNsC,126SXkHVCqJRrH7SdJ1WoYuE2ouabsNVzc,500000
1516769408000,1J37CY8hcdUXQ1KfBhMCsUVafa8XjDsdCn,16xV2C7vJE4NKFHAW6SDkaUVtJ3s6j1dD,23392107
1516769408000,1J37CY8hcdUXQ1KfBhMCsUVafa8XjDsdCn,1NYQrZEb5ByuBo8j3vmm3L9i8x3biAVRq,500000000
1516769408000,1J37CY8hcdUXQ1KfBhMCsUVafa8XjDsdCn,1JoqqVsnLkxMp27JiSwqh9ML7moimdTFhk,4087488
1516769408000,1J37CY8hcdUXQ1KfBhMCsUVafa8XjDsdCn,1CoyZrUK71Fc9f6NGWBdhPuLJ3VjH3aeRc,500000000
1516769408000,1J37CY8hcdUXQ1KfBhMCsUVafa8XjDsdCn,19bsRQE1VkEwhFJuSYQdMp9cGmKN2YrXY4,10000000
1516769408000,1J37CY8hcdUXQ1KfBhMCsUVafa8XjDsdCn,1LB73aeBNi7kexKgzbtYZ5TrHdmgct9ip3,2700000000
1516769408000,1J37CY8hcdUXQ1KfBhMCsUVafa8XjDsdCn,3E9efFQENUu9YEGdywp2vLYt9LLMmnotQY,2780000000
1516769408000,1J37CY8hcdUXQ1KfBhMCsUVafa8XjDsdCn,3Nkyt5Hth6dbbukEyDfZ5i851meb9H54Mp,49271483
1516769408000,1J37CY8hcdUXQ1KfBhMCsUVafa8XjDsdCn,19vgxf1jUTinFYKvsGMkZATNa6RXDbWjmc,356730312
1516769408000,1J37CY8hcdUXQ1KfBhMCsUVafa8XjDsdCn,1NYQrZEb5ByuBo8j3vmm3L9i8x3biAVRq,200000000
1516769408000,1J37CY8hcdUXQ1KfBhMCsUVafa8XjDsdCn,1PaNvggAZsMrfBjkqNqzn4Dd7PbLjUKcXJ,500000
1516769408000,1J37CY8hcdUXQ1KfBhMCsUVafa8XjDsdCn,3PqU73LpLzcA7mBfb8wKDNzUP6isqGqbvr,19062445
1511854208000,1J37CY8hcdUXQ1KfBhMCsUVafa8XjDsdCn,1Mr4wprMfsDBd49mWuA3J8fHU6uYVnvnCF,480989
1512796288000,1J37CY8hcdUXQ1KfBhMCsUVafa8XjDsdCn,3L3ci3uenUfbkE5uSHZpXMp11t1HT3X6Z5,5000000
1512796288000,1J37CY8hcdUXQ1KfBhMCsUVafa8XjDsdCn,1AdK2MbugXZthVv9JJiWvUJxxLW3DBiuSm,729863
1512796288000,1J37CY8hcdUXQ1KfBhMCsUVafa8XjDsdCn,1238N71MmbzoS4KLEtLGTxgJimrTdcZ3Ld,3323030
1512796288000,1J37CY8hcdUXQ1KfBhMCsUVafa8XjDsdCn,17D1Sn6tCmYyXee54m5x2HUuifbfXQVdet,20000000
1512796288000,1J37CY8hcdUXQ1KfBhMCsUVafa8XjDsdCn,1E8EzZLUWSvEVKt3nFU8mZj3fxz9LUS7rg,30000000
1512796288000,1J37CY8hcdUXQ1KfBhMCsUVafa8XjDsdCn,158bjfYpHBKvAF6adZ4sbM5J2cSmrTm4cg,303248
1512796288000,1J37CY8hcdUXQ1KfBhMCsUVafa8XjDsdCn,1P38HuDac4i3Cf1D2n8mz1wDii6Eh2Nn9V,3815955
1512796288000,1J37CY8hcdUXQ1KfBhMCsUVafa8XjDsdCn,1BKiFYZyawuWYjHpH7XpjCNbMraLNUfwmz,237992
1512796288000,1J37CY8hcdUXQ1KfBhMCsUVafa8XjDsdCn,14LfxcUr4NerESfa8NuVGBVRQmurCsrBRA,121278488
1512796288000,1J37CY8hcdUXQ1KfBhMCsUVafa8XjDsdCn,1DXvWEgEbGhyn2emNnB3dDDCrmZnK4DTF5,5193500
1512796288000,1J37CY8hcdUXQ1KfBhMCsUVafa8XjDsdCn,3DvKoRBzZMkcfQMGu625JHi5tpFoqT3e9Q,158616809
1512796288000,1J37CY8hcdUXQ1KfBhMCsUVafa8XjDsdCn,14Vn3M21tGgy1TQ6HV5i2xvkmiHoyYLuc4,100000000
1512796288000,1J37CY8hcdUXQ1KfBhMCsUVafa8XjDsdCn,3DvKoRBzZMkcfQMGu625JHi5tpFoqT3e9Q,160538129
1512796288000,1J37CY8hcdUXQ1KfBhMCsUVafa8XjDsdCn,1LjMwoH7Gdr7gkWTMSj5XvVUFGRCr9tPkD,4000000
1512796288000,1J37CY8hcdUXQ1KfBhMCsUVafa8XjDsdCn,3AmTuL49DJDm3j6jg643V1ssqhuHvQE3kZ,5000000
1512796288000,1J37CY8hcdUXQ1KfBhMCsUVafa8XjDsdCn,1oXrLj1QqPv8foEcmhm647nFF2DmHj7p5,20000000
1512796288000,1J37CY8hcdUXQ1KfBhMCsUVafa8XjDsdCn,3ATawfSy4NzK9V1rmzL6hnofpFDbNRx4xC,5000000
1512796288000,1J37CY8hcdUXQ1KfBhMCsUVafa8XjDsdCn,3HxJFDNdMC6oYt632uu53oiHBAoqnZP5UG,60000000
1512796288000,1J37CY8hcdUXQ1KfBhMCsUVafa8XjDsdCn,3E4i2EzgN4iAxLuWZvJRLWoAXN5UWx9j4o,95864386
1512796288000,1J37CY8hcdUXQ1KfBhMCsUVafa8XjDsdCn,17E7Q8gLBRia6uZ3GzPD6Xob6F7jgAtkX1,9000000
1512796288000,1J37CY8hcdUXQ1KfBhMCsUVafa8XjDsdCn,1ZEVSoQgJpDNPvvR3tDgxhgG7U6C26H72,3000000
1512796288000,1J37CY8hcdUXQ1KfBhMCsUVafa8XjDsdCn,1F1iKjM383DeopfsTveRXgeeJ5RTdMkA1A,7000000
1512796288000,1J37CY8hcdUXQ1KfBhMCsUVafa8XjDsdCn,1BKifK2CNSM739tj2M6iHDbRig6FMMKrMc,1000000
1512796288000,1J37CY8hcdUXQ1KfBhMCsUVafa8XjDsdCn,1HXU1zCuaqS9xobua7BDjWTgz9vfHF9L8g,310249613
1512796288000,1J37CY8hcdUXQ1KfBhMCsUVafa8XjDsdCn,1NHhqnxbDeQZBP7EFwoxMqqoeFhYpTYwid,42084569
1512796288000,1J37CY8hcdUXQ1KfBhMCsUVafa8XjDsdCn,3DvKoRBzZMkcfQMGu625JHi5tpFoqT3e9Q,160887998
1512796288000,1J37CY8hcdUXQ1KfBhMCsUVafa8XjDsdCn,1M7ANMDf168EdBafh1WkxoeSG7HoUx4cCx,100000000
1512796288000,1J37CY8hcdUXQ1KfBhMCsUVafa8XjDsdCn,15Z49CM2cLSHPyd6H8Ranr3phQteeuDmuY,5000000
1512796288000,1J37CY8hcdUXQ1KfBhMCsUVafa8XjDsdCn,12Rk1BcECSaLaR9CUQmB7vzTLz7oHHDd1F,260000
1512796288000,1J37CY8hcdUXQ1KfBhMCsUVafa8XjDsdCn,15sLvKcBvzPo2oc7Zb3PGnDMg1VufFnph8,31650000
1512796288000,1J37CY8hcdUXQ1KfBhMCsUVafa8XjDsdCn,1KTaz32GxLBKf9L2uEBE6dcAn5YpxuPAna,7150807
1498409760000,1J37CY8hcdUXQ1KfBhMCsUVafa8XjDsdCn,1M5GzqnmbzrZ9hQZkruQ5jHsGD9fAomWt4,50000000
1498409760000,1J37CY8hcdUXQ1KfBhMCsUVafa8XjDsdCn,1BuJMSKRx23V33tg2tt4hppx9HvhzRw4RV,150000000
1498409760000,1J37CY8hcdUXQ1KfBhMCsUVafa8XjDsdCn,1CumexE5nVyaQypsAAavjCvydESEJ7NVRd,21300175
1498409760000,1J37CY8hcdUXQ1KfBhMCsUVafa8XjDsdCn,1knBAA9YwgjskG84bE5yErcwatw62KcFA,200000
1498409760000,1J37CY8hcdUXQ1KfBhMCsUVafa8XjDsdCn,1A3GxNWq5FFJtS7qKA83zm8r7esvBipJzT,150000000
1498409760000,1J37CY8hcdUXQ1KfBhMCsUVafa8XjDsdCn,14CwiDyUqjTxwFuchT5EuVjU5cesgDCTSM,21300175
1498409760000,1J37CY8hcdUXQ1KfBhMCsUVafa8XjDsdCn,16UeVGTotTq8AT67YYoQaZw3UeZFjA6eTa,20000000
1498409760000,1J37CY8hcdUXQ1KfBhMCsUVafa8XjDsdCn,13ZBf8iAgEC4bZ2q3BUsahY4wau3XXape1,1660853
1481550624000,1J37CY8hcdUXQ1KfBhMCsUVafa8XjDsdCn,1DU1kTpuWqE4ZqRaYYxdFDVG952ckWXLZP,300000000
1485712160000,1J37CY8hcdUXQ1KfBhMCsUVafa8XjDsdCn,1815thrcjE7Du343pNx7Tc56xYDTofu7oj,24000000
1485712160000,1J37CY8hcdUXQ1KfBhMCsUVafa8XjDsdCn,16QQz2wPSMH2vBQ3JBHweCMTR9BHrK1HNT,11923190
1485712160000,1J37CY8hcdUXQ1KfBhMCsUVafa8XjDsdCn,1JeBcXUxt2RxjyFFgAC4nmGgr5PtwnCGiE,550000
1485712160000,1J37CY8hcdUXQ1KfBhMCsUVafa8XjDsdCn,1Kjk69VF85zwHCtbBDB3tYB1bPKpKcPJQN,1570000
1316145952000,15VjRaDX9zpbA8LVnbrCAFzrVzN7ixHNsC,1NCJvpbGxD1LQeF7YNJmp61k3zAoqhHzVh,500000
1506921248000,1J37CY8hcdUXQ1KfBhMCsUVafa8XjDsdCn,13uNHFCvPpZJN9fdHREDm6oCegs6d7nvkf,540000
1506921248000,1J37CY8hcdUXQ1KfBhMCsUVafa8XjDsdCn,12QHeWytHi34x5YFVvo9212AntUHSExgxM,5000000
1506921248000,1J37CY8hcdUXQ1KfBhMCsUVafa8XjDsdCn,3N61WbiEcQK5F5kYnnSKjjQ2qwkuYotXzW,2300000
1506921248000,1J37CY8hcdUXQ1KfBhMCsUVafa8XjDsdCn,15qsuVpLnyv3qNbAJYPK7HzAxZPUUomESm,1717185
1506921248000,1J37CY8hcdUXQ1KfBhMCsUVafa8XjDsdCn,1Ckwy42Aebb6QRkqHAWM2s6bSt97zh3ULP,8400000
1506921248000,1J37CY8hcdUXQ1KfBhMCsUVafa8XjDsdCn,19uQG1FQ1tGwwTHo24CvZk8dhL5fXLk8gN,5737146
1506921248000,1J37CY8hcdUXQ1KfBhMCsUVafa8XjDsdCn,1M5JB9RiypGXspcgKNX78rJHjFP2hcH8Jq,28377658
1506921248000,1J37CY8hcdUXQ1KfBhMCsUVafa8XjDsdCn,1GF2jZTT1q9qmj6j4FUCWGRa1YC2CMkfJg,916281
1506921248000,1J37CY8hcdUXQ1KfBhMCsUVafa8XjDsdCn,12vmZiWvJL1udAxqFwbgpYssG3PV2MWZVW,828200
1506921248000,1J37CY8hcdUXQ1KfBhMCsUVafa8XjDsdCn,33tg9D5M4NJQoiL6aSE7LsSF7EA43qe2wB,168276570
1506921248000,1J37CY8hcdUXQ1KfBhMCsUVafa8XjDsdCn,13JpqxkvSWHCEBi6kge2UVbEn6CzFQu3Q5,150000000
1506921248000,1J37CY8hcdUXQ1KfBhMCsUVafa8XjDsdCn,18DwVz5W5PDhVEX6RUsiXi3AY71mqWvZxP,156258138
1500547872000,1J37CY8hcdUXQ1KfBhMCsUVafa8XjDsdCn,1MTMLx2ZMC5UDUaYybWA72pBhT9z4zSSdR,21400000
1506806560000,1J37CY8hcdUXQ1KfBhMCsUVafa8XjDsdCn,3GBqbFHwZxDEaesDESbSX8ZAy7E8fzxQhS,5420000
1466256160000,1J37CY8hcdUXQ1KfBhMCsUVafa8XjDsdCn,1C9QCe4TPNpRCM5qqnRh1XHW8h7aUMWQvU,1622503
1496255264000,1J37CY8hcdUXQ1KfBhMCsUVafa8XjDsdCn,31tPsL4NYN77HWRx7dbh8eDifLQcv9m352,70000000
1507781408000,1J37CY8hcdUXQ1KfBhMCsUVafa8XjDsdCn,17uX6jmfxKiVFindMFUJM4GyqmGD6iv6Rw,206313
1507781408000,1J37CY8hcdUXQ1KfBhMCsUVafa8XjDsdCn,14FpNqyaHpxU1c2sX6qCwSi8Qdvo9GBjMP,6292565
1507781408000,1J37CY8hcdUXQ1KfBhMCsUVafa8XjDsdCn,1PPqjzDJMZS9KPZPSmptQsse6SzyEVRrq4,600000
1507781408000,1J37CY8hcdUXQ1KfBhMCsUVafa8XjDsdCn,15zTKEJxDDhL3N5qcEsdQxzpJY5cgCEkmJ,3161300
1507781408000,1J37CY8hcdUXQ1KfBhMCsUVafa8XjDsdCn,337rYZ3mmypJyJLEcG4cf4CFkSZ1332hc1,200000000
1507781408000,1J37CY8hcdUXQ1KfBhMCsUVafa8XjDsdCn,173B2fwBsnoUwkH3mgym1yG2NxNLq94imE,9280000
1507781408000,1J37CY8hcdUXQ1KfBhMCsUVafa8XjDsdCn,1gaXVV6zzkxiydVsfixpRStWS91aLXwfP,685317
1507781408000,1J37CY8hcdUXQ1KfBhMCsUVafa8XjDsdCn,1CkCvhD4S98HS2vAKikbPzkhqchSfL2Ux,8160723
1507781408000,1J37CY8hcdUXQ1KfBhMCsUVafa8XjDsdCn,12gRY5bCW6jttjHm9ZRPBQkbDQ1AuCpQ6f,927317
1471712032000,1J37CY8hcdUXQ1KfBhMCsUVafa8XjDsdCn,161c6EVJ32D7cipnifT8q8QssF2FYt2UDM,25100000
1512246048000,1J37CY8hcdUXQ1KfBhMCsUVafa8XjDsdCn,3QHduFt72RPpCdoRMEt7Dao3UwEUFTJrv3,525427839
1512246048000,1J37CY8hcdUXQ1KfBhMCsUVafa8XjDsdCn,35x9Cp54nZycqQqQqN55kkjUvuPdVuJ6kV,3813179
1512246048000,1J37CY8hcdUXQ1KfBhMCsUVafa8XjDsdCn,3AaH78dqwVEZBtro7tkGgqiQe4tuVWJtmT,3800000
1512246048000,1J37CY8hcdUXQ1KfBhMCsUVafa8XjDsdCn,16MksLtUo7qowUtWXbEB33ojDPWMz9m43o,3076758
1512246048000,1J37CY8hcdUXQ1KfBhMCsUVafa8XjDsdCn,14Qbx5gVMmXehLEjE2Zt5qLnt6dN6vw49Q,4576000
1512246048000,1J37CY8hcdUXQ1KfBhMCsUVafa8XjDsdCn,16YjANthgnPMa9RQ6TkBABVNSzzQh4Ctks,8703900
1489683904000,1J37CY8hcdUXQ1KfBhMCsUVafa8XjDsdCn,1Dzvjk2GbYCmJ3Wd1qnSkGMheQtAJpGKdN,245632707
1489683904000,1J37CY8hcdUXQ1KfBhMCsUVafa8XjDsdCn,1EMbnLtCMEQt8xZZ1UAwDrucFYFFvTqKhA,870919545
1489683904000,1J37CY8hcdUXQ1KfBhMCsUVafa8XjDsdCn,16THy99VXufzF8UFJkgVVPXzt9YsTH982c,499255397
1489683904000,1J37CY8hcdUXQ1KfBhMCsUVafa8XjDsdCn,1JzKdY3K6sGyrf3YoF6NREe8AgtK16yWu2,14325000
1489683904000,1LSgEKji3ZoGdvzBgkcJMej74iBd38fySb,19wnZKeJHYP7H8QKmUSK3zssERYKpXBcyA,469850000
1489683904000,1J37CY8hcdUXQ1KfBhMCsUVafa8XjDsdCn,1JzKdY3K6sGyrf3YoF6NREe8AgtK16yWu2,19075000
1489683904000,1J37CY8hcdUXQ1KfBhMCsUVafa8XjDsdCn,1FPqCndfdbsHQV4SmzQfqj4xTVoWyz1KHE,14325000
1489683904000,1LSgEKji3ZoGdvzBgkcJMej74iBd38fySb,16WEWoy6h6eosUiHmMaP2NrgpqUmSW7VWU,1798734715
1489683904000,1LSgEKji3ZoGdvzBgkcJMej74iBd38fySb,1Ap88cSCEFexP5wFs4jhz6emeDDz9ddp3g,153463035
1507501504000,1J37CY8hcdUXQ1KfBhMCsUVafa8XjDsdCn,16NpVmhxZKfVgoaC7Bb2DwkrwaNYXHeyu5,1000000
1507501504000,1J37CY8hcdUXQ1KfBhMCsUVafa8XjDsdCn,3ASVsJGfXDqZu8E4eKWsz4oUEqh5cucVRX,75000000
1507501504000,1J37CY8hcdUXQ1KfBhMCsUVafa8XjDsdCn,37tbQ2MoEGDex37d5dXVG3hA3JkKcYSX1B,12000000
1507501504000,1J37CY8hcdUXQ1KfBhMCsUVafa8XjDsdCn,13sjsh9fB4A4oW1LGZ234VKz38umH5i6iK,11748069
1507501504000,1J37CY8hcdUXQ1KfBhMCsUVafa8XjDsdCn,1HhnobU4X2GC1AuMMY2hr9oF7VasiepGDc,3485674
1482974656000,1J37CY8hcdUXQ1KfBhMCsUVafa8XjDsdCn,14VKML4f1mEwAHfd1YAf9QK466FuJTJjFY,500000000
